date,rain,province_encoded,region_encoded,xgb_pred_mm,lstm_pred_mm
2021-01-01,0.0,0,1,0.029384224,0.5545107
2021-01-02,0.0,0,1,0.0,0.4056861
2021-01-03,0.1,0,1,0.6285068,0.6428436
2021-01-04,0.4,0,1,1.0044322,0.58861494
2021-01-05,5.6,0,1,7.546337,0.5380862
2021-01-06,0.0,0,1,0.0,0.9478437
2021-01-07,0.0,0,1,0.0,0.3979733
2021-01-08,0.0,0,1,0.0,0.20286463
2021-01-09,0.0,0,1,0.0,0.20699304
2021-01-10,0.0,0,1,0.0,0.12760243
2021-01-11,0.0,0,1,0.0,0.2070013
2021-01-12,0.0,0,1,0.0,0.2276891
2021-01-13,0.1,0,1,0.47376683,0.23249935
2021-01-14,0.0,0,1,0.0,0.26527783
2021-01-15,0.0,0,1,0.0,0.2678435
2021-01-16,0.0,0,1,0.0,0.15571146
2021-01-17,0.0,0,1,0.0,0.1446385
2021-01-18,0.0,0,1,0.0,0.021811103
2021-01-19,0.0,0,1,0.0,0.021668108
2021-01-20,0.0,0,1,0.02401453,0.2512724
2021-01-21,0.0,0,1,0.052575737,0.19124615
2021-01-22,0.1,0,1,1.0727327,0.31651014
2021-01-23,16.0,0,1,1.4117985,0.7763823
2021-01-24,0.1,0,1,1.0335829,0.6308912
2021-01-25,0.0,0,1,0.0,0.13596699
2021-01-26,0.0,0,1,0.0,0.015771927
2021-01-27,0.0,0,1,0.0,0.035240613
2021-01-28,0.0,0,1,0.0,0.0
2021-01-29,0.0,0,1,0.0,0.012468902
2021-01-30,0.0,0,1,0.0,0.0
2021-01-31,0.0,0,1,0.0,0.0
2021-02-01,0.0,0,1,0.0,0.011566381
2021-02-02,0.0,0,1,0.0,0.07234978
2021-02-03,0.0,0,1,0.0,0.005828133
2021-02-04,0.0,0,1,0.0,0.0076768324
2021-02-05,0.0,0,1,0.0,0.0
2021-02-06,0.0,0,1,0.0,0.039797045
2021-02-07,0.0,0,1,0.0,0.028178344
2021-02-08,0.0,0,1,0.0,0.040567577
2021-02-09,0.0,0,1,0.0,0.009126093
2021-02-10,0.0,0,1,0.0068095103,0.006738257
2021-02-11,0.0,0,1,0.046485797,0.08094824
2021-02-12,0.1,0,1,0.31514797,0.13173914
2021-02-13,0.0,0,1,0.0,0.120202236
2021-02-14,0.1,0,1,0.38026097,0.02548452
2021-02-15,0.0,0,1,0.0,0.038970977
2021-02-16,0.0,0,1,0.0,0.05217801
2021-02-17,0.0,0,1,0.0,0.0
2021-02-18,0.0,0,1,0.0,0.0
2021-02-19,0.0,0,1,0.0,0.0
2021-02-20,0.0,0,1,0.0,0.0
2021-02-21,0.0,0,1,0.0,0.0
2021-02-22,0.0,0,1,0.0,0.0
2021-02-23,0.0,0,1,0.0,0.03938003
2021-02-24,0.0,0,1,0.0,0.07969871
2021-02-25,0.0,0,1,0.0013614815,0.08786462
2021-02-26,0.0,0,1,0.07715935,0.08158093
2021-02-27,0.0,0,1,0.02374376,0.19051987
2021-02-28,0.0,0,1,0.0,0.11108507
2021-03-01,0.0,0,1,0.0,0.09498704
2021-03-02,0.0,0,1,0.010473251,0.073335506
2021-03-03,0.0,0,1,0.0,0.064164445
2021-03-04,0.0,0,1,0.0,0.00022258921
2021-03-05,0.0,0,1,0.0,0.0026225809
2021-03-06,0.0,0,1,0.0,0.021230357
2021-03-07,0.0,0,1,0.0,0.013115675
2021-03-08,0.2,0,1,0.22658141,0.03637414
2021-03-09,0.0,0,1,0.0,0.0626573
2021-03-10,0.0,0,1,0.0,0.0
2021-03-11,0.0,0,1,0.0018799177,0.0
2021-03-12,0.0,0,1,0.0,0.0
2021-03-13,0.0,0,1,0.0,0.0
2021-03-14,0.0,0,1,0.0,0.0
2021-03-15,0.0,0,1,0.007365202,0.0067261355
2021-03-16,0.0,0,1,0.002954451,0.032424524
2021-03-17,0.0,0,1,0.0,0.05552136
2021-03-18,0.0,0,1,0.007025612,0.058451932
2021-03-19,0.2,0,1,1.0973499,0.09608393
2021-03-20,0.5,0,1,1.0189807,0.536618
2021-03-21,0.0,0,1,0.032809272,0.37265515
2021-03-22,0.0,0,1,0.0017050487,0.14288446
2021-03-23,0.0,0,1,0.009120878,0.0
2021-03-24,0.0,0,1,0.0,0.0
2021-03-25,0.0,0,1,0.013928744,0.046948355
2021-03-26,0.0,0,1,0.015725719,0.0
2021-03-27,0.0,0,1,0.026256716,0.0
2021-03-28,0.0,0,1,0.028719148,0.08283696
2021-03-29,0.0,0,1,0.03271914,0.044999573
2021-03-30,0.0,0,1,0.0,0.026785564
2021-03-31,0.0,0,1,0.033275828,0.05840537
2021-04-01,0.0,0,1,0.05191933,0.032258756
2021-04-02,0.7,0,1,1.0532546,0.022904927
2021-04-03,2.2,0,1,2.9757617,0.56625044
2021-04-04,0.0,0,1,0.028585035,0.7445818
2021-04-05,5.8,0,1,0.68385875,0.15165642
2021-04-06,0.0,0,1,0.0,0.14363785
2021-04-07,0.4,0,1,0.68935037,0.01650878
2021-04-08,1.8,0,1,1.5290031,0.2447561
2021-04-09,2.1,0,1,2.4618125,0.6970283
2021-04-10,13.9,0,1,1.5017116,0.5023613
2021-04-11,0.5,0,1,1.8942027,0.36572596
2021-04-12,0.2,0,1,1.222018,1.2775486
2021-04-13,0.4,0,1,1.1576557,0.6186596
2021-04-14,0.9,0,1,1.1990848,0.89275694
2021-04-15,0.8,0,1,2.1656148,0.93144953
2021-04-16,2.3,0,1,1.9165428,1.3569992
2021-04-17,8.4,0,1,4.145362,1.2260857
2021-04-18,2.4,0,1,4.0213647,1.7411199
2021-04-19,5.1,0,1,1.8987527,1.81917
2021-04-20,1.0,0,1,3.5837622,1.5817695
2021-04-21,2.5,0,1,3.0754037,2.6738944
2021-04-22,2.3,0,1,3.5090332,2.5281672
2021-04-23,2.8,0,1,4.203038,2.0226555
2021-04-24,2.3,0,1,3.4594774,3.199102
2021-04-25,0.8,0,1,3.7317486,2.6897843
2021-04-26,2.7,0,1,2.3031473,2.410135
2021-04-27,3.4,0,1,4.4390874,2.0663686
2021-04-28,1.1,0,1,3.3257318,2.1509905
2021-04-29,3.0,0,1,2.196425,1.7552934
2021-04-30,0.7,0,1,1.4709537,1.4865253
2021-05-01,1.0,0,1,1.8842123,1.0232048
2021-05-02,0.5,0,1,2.5536935,1.2783365
2021-05-03,0.4,0,1,1.2110729,1.2142942
2021-05-04,0.3,0,1,1.8649397,1.1076975
2021-05-05,0.4,0,1,1.6148515,1.5520456
2021-05-06,0.9,0,1,1.8694766,1.0224326
2021-05-07,1.3,0,1,2.3755558,1.1495216
2021-05-08,1.7,0,1,3.223772,1.1779153
2021-05-09,2.7,0,1,2.4859402,1.6233084
2021-05-10,1.9,0,1,2.155474,1.5802064
2021-05-11,0.5,0,1,2.400246,1.2432098
2021-05-12,0.0,0,1,0.075707905,1.7219603
2021-05-13,0.1,0,1,1.6279721,1.0761034
2021-05-14,0.2,0,1,1.9941888,1.585628
2021-05-15,1.9,0,1,2.2471209,2.0062752
2021-05-16,10.5,0,1,3.5370169,1.8440781
2021-05-17,3.1,0,1,5.412419,2.1647105
2021-05-18,3.6,0,1,3.7934074,2.7882135
2021-05-19,1.8,0,1,2.7779505,2.3890357
2021-05-20,8.1,0,1,3.7872238,2.421197
2021-05-21,16.5,0,1,5.288309,2.745156
2021-05-22,7.1,0,1,5.076704,2.7066493
2021-05-23,2.9,0,1,3.2655272,2.456477
2021-05-24,36.4,0,1,5.038953,2.7466824
2021-05-25,15.1,0,1,6.8565755,2.8037047
2021-05-26,11.4,0,1,16.124569,2.9737124
2021-05-27,0.8,0,1,5.4177957,6.5252967
2021-05-28,2.7,0,1,3.4556274,2.9175136
2021-05-29,0.2,0,1,3.3807416,2.2062483
2021-05-30,2.1,0,1,4.2191525,2.6676185
2021-05-31,0.8,0,1,4.313233,2.900699
2021-06-01,0.8,0,1,4.1856804,2.3429048
2021-06-02,2.1,0,1,3.277566,2.4266133
2021-06-03,2.9,0,1,3.4793267,2.2921348
2021-06-04,0.0,0,1,0.16168654,2.1377974
2021-06-05,1.0,0,1,1.8230929,1.6259794
2021-06-06,1.8,0,1,2.588345,1.714392
2021-06-07,1.5,0,1,2.5533516,1.54546
2021-06-08,1.9,0,1,4.0067334,2.1250236
2021-06-09,0.5,0,1,2.0585375,2.2295687
2021-06-10,4.8,0,1,3.4723048,1.290998
2021-06-11,1.3,0,1,2.135868,2.7479358
2021-06-12,8.4,0,1,7.922983,1.9737289
2021-06-13,13.4,0,1,5.1916213,4.1873264
2021-06-14,1.5,0,1,2.2704546,2.4373908
2021-06-15,1.3,0,1,2.5041153,2.458074
2021-06-16,3.7,0,1,3.8583093,3.8753524
2021-06-17,0.5,0,1,2.4446182,3.9367442
2021-06-18,1.0,0,1,2.6618981,2.4840276
2021-01-01,0.0,1,1,0.0,0.27521998
2021-01-02,0.4,1,1,0.75057936,0.21936077
2021-01-03,0.3,1,1,0.82729256,0.7613635
2021-01-04,0.1,1,1,1.3174219,1.3651216
2021-01-05,2.4,1,1,7.4732533,0.9350295
2021-01-06,0.0,1,1,0.0,1.5135374
2021-01-07,0.0,1,1,0.026700707,0.66137946
2021-01-08,0.0,1,1,0.0070152474,0.38717505
2021-01-09,0.0,1,1,0.0,0.30228546
2021-01-10,0.0,1,1,0.0,0.24087334
2021-01-11,0.0,1,1,0.0,0.21410382
2021-01-12,0.0,1,1,0.0,0.24616389
2021-01-13,0.0,1,1,0.0,0.110429496
2021-01-14,0.0,1,1,0.0,0.15427403
2021-01-15,0.0,1,1,0.0,0.26196676
2021-01-16,0.0,1,1,0.0,0.14616646
2021-01-17,0.0,1,1,0.0,0.15980667
2021-01-18,0.0,1,1,0.0,0.111937
2021-01-19,0.0,1,1,0.0,0.027076067
2021-01-20,0.0,1,1,0.0028135295,0.12632926
2021-01-21,0.0,1,1,0.023756895,0.1588161
2021-01-22,1.8,1,1,1.3192375,0.22884683
2021-01-23,3.0,1,1,4.0815473,1.3098626
2021-01-24,0.7,1,1,1.4772904,1.5738406
2021-01-25,0.5,1,1,1.2327626,0.38130563
2021-01-26,0.0,1,1,0.0,0.2588945
2021-01-27,0.0,1,1,0.0,0.059825126
2021-01-28,0.0,1,1,0.0,0.011040753
2021-01-29,0.0,1,1,0.0,0.064454615
2021-01-30,0.0,1,1,0.0,0.04596509
2021-01-31,0.0,1,1,0.0,0.07640754
2021-02-01,0.0,1,1,0.0,0.03487057
2021-02-02,0.0,1,1,0.0,0.050623834
2021-02-03,0.0,1,1,0.009715472,0.012884423
2021-02-04,0.0,1,1,0.0,0.018705186
2021-02-05,0.0,1,1,0.009549755,0.0051077683
2021-02-06,0.0,1,1,0.0,0.06819531
2021-02-07,0.0,1,1,0.0,0.062369272
2021-02-08,0.0,1,1,0.0,0.07322593
2021-02-09,0.0,1,1,0.0,0.05257758
2021-02-10,0.0,1,1,0.2049568,0.04022514
2021-02-11,1.5,1,1,1.4553926,0.163643
2021-02-12,1.3,1,1,0.9704087,0.62825966
2021-02-13,0.0,1,1,0.0,0.23503408
2021-02-14,0.2,1,1,0.4700791,0.0015299097
2021-02-15,0.0,1,1,0.0,0.035248633
2021-02-16,0.0,1,1,0.0,0.031289294
2021-02-17,0.0,1,1,0.0,0.0
2021-02-18,0.0,1,1,0.0,0.0
2021-02-19,0.0,1,1,0.0,0.0
2021-02-20,0.0,1,1,0.0,0.0
2021-02-21,0.0,1,1,0.0,0.0
2021-02-22,0.0,1,1,0.0,0.0
2021-02-23,0.0,1,1,0.02693266,0.0
2021-02-24,0.0,1,1,0.007483908,0.10883865
2021-02-25,0.0,1,1,0.034775876,0.0633412
2021-02-26,0.0,1,1,0.09927174,0.12314414
2021-02-27,0.0,1,1,0.011484727,0.19709064
2021-02-28,0.0,1,1,0.0,0.066040054
2021-03-01,0.0,1,1,0.0,0.08077559
2021-03-02,0.0,1,1,0.014031745,0.034505103
2021-03-03,0.0,1,1,0.0,0.035024296
2021-03-04,0.0,1,1,0.0,0.0
2021-03-05,0.0,1,1,0.0,0.0
2021-03-06,0.0,1,1,0.0,0.0
2021-03-07,0.0,1,1,0.0,0.0
2021-03-08,0.0,1,1,0.0,0.0
2021-03-09,0.0,1,1,0.0,0.0
2021-03-10,0.0,1,1,0.0,0.0
2021-03-11,0.0,1,1,0.0,0.0
2021-03-12,0.0,1,1,0.0,0.0
2021-03-13,0.0,1,1,0.0,0.0
2021-03-14,0.0,1,1,0.0,0.0
2021-03-15,0.0,1,1,0.0,0.00076859974
2021-03-16,0.0,1,1,0.004543253,0.007415115
2021-03-17,0.0,1,1,0.0043066824,0.049518008
2021-03-18,0.0,1,1,0.12207121,0.044344153
2021-03-19,0.1,1,1,0.7513654,0.06478154
2021-03-20,0.2,1,1,0.7075814,0.41346034
2021-03-21,0.2,1,1,0.65558374,0.67445076
2021-03-22,0.0,1,1,0.0,0.20277071
2021-03-23,0.3,1,1,0.34639952,0.0
2021-03-24,0.7,1,1,0.4948571,0.0
2021-03-25,0.0,1,1,0.004486056,0.09205731
2021-03-26,0.0,1,1,0.0011937817,0.0
2021-03-27,0.0,1,1,0.0,0.0
2021-03-28,0.3,1,1,0.71616364,0.020649457
2021-03-29,0.0,1,1,0.036978126,0.9259808
2021-03-30,0.0,1,1,0.0,0.18835859
2021-03-31,0.0,1,1,0.0,0.32930046
2021-04-01,0.0,1,1,0.008391705,0.19143562
2021-04-02,1.5,1,1,1.4476917,0.14544076
2021-04-03,3.0,1,1,2.9441092,1.609648
2021-04-04,0.0,1,1,0.0,0.9298804
2021-04-05,1.9,1,1,1.0924425,0.25479388
2021-04-06,0.0,1,1,0.0,0.37923235
2021-04-07,0.9,1,1,0.85716176,0.088103585
2021-04-08,5.2,1,1,2.5367446,0.58208597
2021-04-09,5.7,1,1,4.7034225,2.060598
2021-04-10,4.0,1,1,2.0946116,2.5214527
2021-04-11,0.3,1,1,1.6343989,0.6513201
2021-04-12,1.4,1,1,1.39013,0.37999552
2021-04-13,1.4,1,1,2.833836,0.73579097
2021-04-14,7.6,1,1,5.569228,1.3429284
2021-04-15,0.4,1,1,6.2549887,4.562628
2021-04-16,15.1,1,1,5.2196875,2.6467514
2021-04-17,5.4,1,1,6.331798,3.0997095
2021-04-18,2.6,1,1,2.8793151,2.1481664
2021-04-19,1.9,1,1,2.7451766,1.774934
2021-04-20,0.4,1,1,4.755481,2.3444376
2021-04-21,1.0,1,1,3.7622237,2.0950365
2021-04-22,0.9,1,1,3.602868,2.3123577
2021-04-23,5.9,1,1,5.0837965,2.0510206
2021-04-24,0.8,1,1,5.1180763,2.0262713
2021-04-25,0.2,1,1,2.906669,2.1233954
2021-04-26,1.4,1,1,1.9951231,1.7439559
2021-04-27,1.5,1,1,3.258574,2.0076125
2021-04-28,2.8,1,1,3.0200129,1.6180387
2021-04-29,5.6,1,1,3.1076546,1.2588713
2021-04-30,1.3,1,1,2.2385242,1.2190738
2021-05-01,5.9,1,1,3.4899945,0.83346677
2021-05-02,12.3,1,1,4.1056504,1.6159008
2021-05-03,0.5,1,1,1.2080667,1.7743411
2021-05-04,1.0,1,1,2.079625,1.146266
2021-05-05,0.0,1,1,0.03894553,2.6360202
2021-05-06,3.7,1,1,1.4358678,0.7353929
2021-05-07,6.1,1,1,2.6769662,1.1723003
2021-05-08,1.9,1,1,4.2119117,2.0107732
2021-05-09,6.5,1,1,6.050516,2.8795674
2021-05-10,1.7,1,1,4.253662,4.426395
2021-05-11,0.0,1,1,0.037392635,3.0242124
2021-05-12,0.3,1,1,1.9977388,1.8704197
2021-05-13,0.4,1,1,2.3121128,2.7264006
2021-05-14,1.2,1,1,2.4340243,2.0769374
2021-05-15,7.8,1,1,3.368918,2.207352
2021-05-16,8.4,1,1,9.690632,2.2696466
2021-05-17,5.3,1,1,8.168919,2.3541033
2021-05-18,4.1,1,1,5.6773095,2.7537715
2021-05-19,6.4,1,1,6.8228693,2.8887937
2021-05-20,22.1,1,1,10.52887,3.5451212
2021-05-21,7.6,1,1,8.790601,3.8242345
2021-05-22,9.5,1,1,5.6843762,3.1660347
2021-05-23,16.4,1,1,7.811886,3.1331353
2021-05-24,5.6,1,1,10.914402,3.7228122
2021-05-25,5.5,1,1,10.38195,4.2178946
2021-05-26,10.2,1,1,12.195863,3.1970987
2021-05-27,6.6,1,1,10.53842,3.8133078
2021-05-28,3.4,1,1,5.311633,3.2141485
2021-05-29,0.5,1,1,4.6940403,3.1875534
2021-05-30,1.9,1,1,5.564815,3.6788216
2021-05-31,0.2,1,1,3.605288,3.6566367
2021-06-01,0.9,1,1,3.9621782,2.8728342
2021-06-02,3.7,1,1,5.171488,2.9210284
2021-06-03,1.3,1,1,4.945392,2.8724687
2021-06-04,0.0,1,1,0.29059434,2.9688964
2021-06-05,0.1,1,1,3.594121,1.5814009
2021-06-06,6.8,1,1,3.7737718,2.2886696
2021-06-07,6.6,1,1,4.677504,2.101489
2021-06-08,1.7,1,1,10.198206,2.3612175
2021-06-09,0.9,1,1,3.7279449,3.1450615
2021-06-10,5.6,1,1,2.8597412,2.3308456
2021-06-11,0.6,1,1,3.416737,2.7038283
2021-06-12,7.2,1,1,11.290144,2.380596
2021-06-13,5.9,1,1,6.028063,2.6182134
2021-06-14,0.4,1,1,3.5828533,2.1192098
2021-06-15,0.0,1,1,0.012864819,2.5550396
2021-06-16,0.6,1,1,2.9738688,1.4976144
2021-06-17,6.1,1,1,4.36831,2.1392446
2021-06-18,0.1,1,1,3.114256,3.1290503
2021-01-01,0.0,2,1,0.0062458077,0.30662072
2021-01-02,0.0,2,1,0.0,0.299463
2021-01-03,2.5,2,1,1.4554019,0.3779949
2021-01-04,0.0,2,1,0.0036510832,1.6154065
2021-01-05,3.4,2,1,3.6376233,0.42910978
2021-01-06,0.0,2,1,0.0,1.4666703
2021-01-07,0.0,2,1,0.13044131,0.55766594
2021-01-08,0.0,2,1,0.06840855,0.48497835
2021-01-09,0.0,2,1,0.003818469,0.41947082
2021-01-10,0.0,2,1,0.008898405,0.16046241
2021-01-11,0.0,2,1,0.0,0.20034522
2021-01-12,0.0,2,1,0.014760051,0.1500246
2021-01-13,0.0,2,1,0.022718744,0.044934925
2021-01-14,0.0,2,1,0.015956998,0.11518811
2021-01-15,0.0,2,1,0.006658604,0.22100791
2021-01-16,0.0,2,1,0.0121326,0.15984567
2021-01-17,0.0,2,1,0.005620777,0.16123481
2021-01-18,0.0,2,1,0.008310464,0.11001009
2021-01-19,0.0,2,1,0.041117713,0.019644221
2021-01-20,0.0,2,1,0.027360315,0.09008545
2021-01-21,0.0,2,1,0.027319407,0.14943358
2021-01-22,5.1,2,1,1.2007177,0.20688368
2021-01-23,31.5,2,1,5.113582,1.3561614
2021-01-24,3.8,2,1,3.4560165,2.543527
2021-01-25,0.0,2,1,0.0,0.5563154
2021-01-26,0.0,2,1,0.0,0.20885555
2021-01-27,0.0,2,1,0.0,0.14177115
2021-01-28,0.0,2,1,0.01521185,0.033513937
2021-01-29,0.0,2,1,0.0,0.084551916
2021-01-30,0.0,2,1,0.024631236,0.0
2021-01-31,0.0,2,1,0.0,0.0
2021-02-01,0.0,2,1,0.0,0.0
2021-02-02,0.0,2,1,0.0,0.014360159
2021-02-03,0.0,2,1,0.0,0.0
2021-02-04,0.0,2,1,0.063262045,0.0
2021-02-05,0.0,2,1,0.01884134,0.0
2021-02-06,0.0,2,1,0.01683184,0.042254098
2021-02-07,0.2,2,1,0.72525406,0.047761284
2021-02-08,1.7,2,1,0.652686,0.33385515
2021-02-09,0.4,2,1,0.98838377,0.2956891
2021-02-10,0.0,2,1,0.27460638,0.33850086
2021-02-11,1.4,2,1,1.6398535,0.50982547
2021-02-12,0.0,2,1,0.08937109,0.82099783
2021-02-13,0.0,2,1,0.031160714,0.2329089
2021-02-14,0.4,2,1,0.46000263,0.0543273
2021-02-15,0.0,2,1,0.060910508,0.15860133
2021-02-16,0.0,2,1,0.0,0.12136107
2021-02-17,0.0,2,1,0.0,0.043868564
2021-02-18,0.0,2,1,0.048269685,0.0
2021-02-19,0.0,2,1,0.0070109623,0.0
2021-02-20,0.0,2,1,0.0035891887,0.0
2021-02-21,0.0,2,1,0.0,0.014586426
2021-02-22,0.0,2,1,0.0,0.017589165
2021-02-23,0.0,2,1,0.0,0.047882065
2021-02-24,0.0,2,1,0.013568623,0.14943585
2021-02-25,0.0,2,1,0.03952093,0.10151051
2021-02-26,0.0,2,1,0.085145645,0.17158204
2021-02-27,0.0,2,1,0.0,0.25246495
2021-02-28,0.0,2,1,0.007245563,0.10993108
2021-03-01,0.5,2,1,0.5318502,0.11541685
2021-03-02,0.6,2,1,1.0587568,0.28331187
2021-03-03,0.0,2,1,0.0029774872,0.38767624
2021-03-04,0.0,2,1,0.024046008,0.036176488
2021-03-05,0.0,2,1,0.0,0.0
2021-03-06,0.0,2,1,0.0,0.0
2021-03-07,0.0,2,1,0.0,0.021656414
2021-03-08,0.0,2,1,0.029127644,0.039947536
2021-03-09,0.0,2,1,0.004234512,0.0
2021-03-10,0.0,2,1,0.019129623,0.025545275
2021-03-11,0.0,2,1,0.018660551,0.0
2021-03-12,0.0,2,1,0.0034729422,0.016243557
2021-03-13,0.0,2,1,0.0010861569,0.007779665
2021-03-14,0.0,2,1,0.0093277395,0.018875092
2021-03-15,0.0,2,1,0.0,0.04447812
2021-03-16,0.0,2,1,0.024658069,0.073021755
2021-03-17,0.0,2,1,0.0036265342,0.118242405
2021-03-18,0.0,2,1,0.02115195,0.07395216
2021-03-19,0.0,2,1,0.03442874,0.08220245
2021-03-20,2.8,2,1,2.1309395,0.08344971
2021-03-21,1.3,2,1,2.8808522,1.0600691
2021-03-22,0.2,2,1,0.8983078,0.43531382
2021-03-23,1.2,2,1,0.6689309,0.055359434
2021-03-24,8.5,2,1,1.5016282,0.06078904
2021-03-25,4.9,2,1,3.091076,0.5741583
2021-03-26,0.9,2,1,2.463958,1.2308853
2021-03-27,0.1,2,1,0.79441476,0.3823552
2021-03-28,0.0,2,1,0.025355944,0.22376116
2021-03-29,0.0,2,1,0.033385005,0.29047906
2021-03-30,0.0,2,1,0.0036171174,0.19954115
2021-03-31,0.0,2,1,0.040064882,0.2657141
2021-04-01,0.0,2,1,0.11871053,0.1853739
2021-04-02,1.0,2,1,3.201233,0.23009086
2021-04-03,8.5,2,1,2.2266915,1.5768192
2021-04-04,1.2,2,1,2.2241921,0.7450141
2021-04-05,0.1,2,1,1.2168746,0.78073955
2021-04-06,0.0,2,1,0.0,0.39776912
2021-04-07,0.0,2,1,0.0028427327,0.24622828
2021-04-08,5.5,2,1,2.483955,0.27099472
2021-04-09,2.5,2,1,3.3251019,2.969396
2021-04-10,3.6,2,1,2.0220504,1.3653607
2021-04-11,0.0,2,1,0.0,1.1956882
2021-04-12,0.2,2,1,1.0268927,0.36171165
2021-04-13,0.1,2,1,2.2112343,1.9857223
2021-04-14,8.0,2,1,2.2420547,1.2014484
2021-04-15,4.4,2,1,6.0604515,1.9379213
2021-04-16,8.7,2,1,5.654342,3.0810537
2021-04-17,11.9,2,1,5.5865993,3.2736592
2021-04-18,2.6,2,1,2.250853,2.147958
2021-04-19,4.6,2,1,4.456617,1.4059305
2021-04-20,6.5,2,1,5.0959344,4.366762
2021-04-21,2.6,2,1,6.9609776,2.7745023
2021-04-22,12.3,2,1,8.753152,3.2876225
2021-04-23,8.2,2,1,7.8276415,3.415453
2021-04-24,0.4,2,1,4.3551693,3.8581352
2021-04-25,0.1,2,1,2.044005,2.6937628
2021-04-26,0.3,2,1,1.4829872,2.0981607
2021-04-27,1.3,2,1,2.595186,2.0823727
2021-04-28,0.7,2,1,3.0486398,1.7730708
2021-04-29,5.8,2,1,6.3729835,1.4425206
2021-04-30,2.2,2,1,1.9326103,2.3888893
2021-05-01,2.0,2,1,3.2282224,1.3863273
2021-05-02,0.0,2,1,0.10246531,2.147155
2021-05-03,0.0,2,1,0.046212625,1.1578612
2021-05-04,0.0,2,1,0.060403123,0.7267407
2021-05-05,0.0,2,1,0.1470936,0.6222764
2021-05-06,0.2,2,1,1.6981444,0.35077113
2021-05-07,0.4,2,1,1.6544094,1.1045759
2021-05-08,1.4,2,1,2.8879857,1.7400122
2021-05-09,8.2,2,1,7.1235046,2.6036909
2021-05-10,3.7,2,1,3.2630048,3.750795
2021-05-11,0.0,2,1,0.0,2.2109838
2021-05-12,0.7,2,1,1.749898,1.4175444
2021-05-13,1.2,2,1,3.4537091,3.310258
2021-05-14,4.0,2,1,5.8377643,2.6333933
2021-05-15,5.2,2,1,3.6200547,2.5273774
2021-05-16,0.2,2,1,6.7163625,1.9957459
2021-05-17,21.9,2,1,8.066807,2.6520927
2021-05-18,15.5,2,1,5.7821393,2.35813
2021-05-19,6.7,2,1,10.316747,3.9570746
2021-05-20,12.2,2,1,9.483936,4.541268
2021-05-21,11.1,2,1,6.2948484,3.349341
2021-05-22,2.5,2,1,11.364715,3.4712672
2021-05-23,14.4,2,1,8.832085,3.8351364
2021-05-24,32.1,2,1,11.952735,3.71524
2021-05-25,29.2,2,1,23.850218,4.729441
2021-05-26,45.2,2,1,24.534458,4.393828
2021-05-27,12.2,2,1,17.69216,5.8123713
2021-05-28,3.3,2,1,7.7394924,4.3325267
2021-05-29,1.1,2,1,4.169585,3.83675
2021-05-30,1.3,2,1,6.2455525,3.206335
2021-05-31,0.8,2,1,4.2761817,3.163691
2021-06-01,2.1,2,1,5.3347282,2.1569421
2021-06-02,2.1,2,1,4.7345243,2.4168274
2021-06-03,0.3,2,1,5.174477,1.9796255
2021-06-04,0.0,2,1,0.11038096,2.1862433
2021-06-05,1.7,2,1,2.6248553,0.91465366
2021-06-06,7.6,2,1,5.940675,1.5765283
2021-06-07,6.4,2,1,9.647145,1.7661123
2021-06-08,2.0,2,1,9.21523,2.963664
2021-06-09,0.3,2,1,4.3767147,2.811381
2021-06-10,0.4,2,1,2.661305,1.5885501
2021-06-11,1.5,2,1,4.2648497,1.3883128
2021-06-12,2.9,2,1,5.1807265,2.2792068
2021-06-13,1.4,2,1,5.301121,2.3248334
2021-06-14,2.0,2,1,4.3434014,1.800571
2021-06-15,0.0,2,1,0.0680471,1.978425
2021-06-16,6.9,2,1,3.3117075,1.1148503
2021-06-17,8.8,2,1,4.9808025,3.056651
2021-06-18,2.9,2,1,3.9796782,4.6131663
2021-01-01,0.0,3,2,0.0,0.6284704
2021-01-02,0.0,3,2,0.0,0.42561716
2021-01-03,0.0,3,2,0.0,0.37331018
2021-01-04,0.5,3,2,1.1237757,0.3497302
2021-01-05,0.4,3,2,0.7617589,1.6823857
2021-01-06,0.1,3,2,0.5284594,0.46580133
2021-01-07,0.0,3,2,0.0,0.7823756
2021-01-08,0.1,3,2,0.25431633,0.33025897
2021-01-09,0.5,3,2,0.36479938,0.32795402
2021-01-10,0.0,3,2,0.0,0.43849668
2021-01-11,0.4,3,2,0.35986745,0.32453993
2021-01-12,0.0,3,2,0.0,0.38929695
2021-01-13,0.0,3,2,0.0,0.108125016
2021-01-14,0.0,3,2,0.0,0.07985433
2021-01-15,0.0,3,2,0.0,0.04448646
2021-01-16,0.0,3,2,0.0,0.03711246
2021-01-17,0.0,3,2,0.0,0.06089957
2021-01-18,0.7,3,2,0.23729935,0.12078208
2021-01-19,0.0,3,2,0.0,0.17013936
2021-01-20,0.0,3,2,0.0,0.16077958
2021-01-21,0.0,3,2,0.0,0.15867914
2021-01-22,0.0,3,2,0.0,0.3828342
2021-01-23,0.0,3,2,0.0,0.1305422
2021-01-24,0.0,3,2,0.0,0.13300858
2021-01-25,0.0,3,2,0.0,0.046500523
2021-01-26,0.0,3,2,0.0,0.0
2021-01-27,0.0,3,2,0.0,0.03952649
2021-01-28,0.0,3,2,0.0,0.058878247
2021-01-29,0.0,3,2,0.0,0.0
2021-01-30,0.0,3,2,0.0,0.026078321
2021-01-31,0.0,3,2,0.0,0.03604791
2021-02-01,0.0,3,2,0.0,0.05391752
2021-02-02,0.0,3,2,0.0,0.0
2021-02-03,0.0,3,2,0.0,0.0
2021-02-04,0.0,3,2,0.0,0.021680895
2021-02-05,0.0,3,2,0.0,0.014890536
2021-02-06,0.0,3,2,0.0,0.0
2021-02-07,0.4,3,2,0.3136921,0.01183931
2021-02-08,0.0,3,2,0.0,0.29724514
2021-02-09,1.8,3,2,0.3442415,0.06413222
2021-02-10,5.2,3,2,1.3647041,0.3276028
2021-02-11,0.0,3,2,0.0,0.40228134
2021-02-12,0.0,3,2,0.0,0.0341209
2021-02-13,0.0,3,2,0.0,0.0
2021-02-14,0.0,3,2,0.0,0.0
2021-02-15,0.0,3,2,0.0,0.0
2021-02-16,0.0,3,2,0.0,0.0
2021-02-17,0.0,3,2,0.0,0.0
2021-02-18,0.5,3,2,0.4695198,0.0
2021-02-19,0.0,3,2,0.0052940967,0.22023955
2021-02-20,0.0,3,2,0.0,0.0
2021-02-21,0.0,3,2,0.0,0.00095735164
2021-02-22,0.0,3,2,0.0,0.0
2021-02-23,0.0,3,2,0.0,0.0
2021-02-24,0.0,3,2,0.0,0.0
2021-02-25,0.0,3,2,0.036778055,0.0
2021-02-26,0.0,3,2,0.007718239,0.0330439
2021-02-27,0.0,3,2,0.0016252871,0.060274363
2021-02-28,0.0,3,2,0.0,0.062677436
2021-03-01,5.7,3,2,1.4032218,0.07749398
2021-03-02,1.1,3,2,1.4794421,0.6963266
2021-03-03,0.0,3,2,0.0,0.32243258
2021-03-04,0.0,3,2,0.0,0.0
2021-03-05,0.0,3,2,0.0,0.0
2021-03-06,0.0,3,2,0.00531651,0.0
2021-03-07,0.0,3,2,0.0,0.0
2021-03-08,0.0,3,2,0.0,0.0
2021-03-09,0.0,3,2,0.0,0.0
2021-03-10,0.0,3,2,0.0,0.0
2021-03-11,0.0,3,2,0.0,0.0
2021-03-12,0.0,3,2,0.0,0.0
2021-03-13,0.0,3,2,0.0,0.0
2021-03-14,0.0,3,2,0.0,0.0
2021-03-15,0.0,3,2,0.0,0.0
2021-03-16,0.0,3,2,0.0,0.0
2021-03-17,0.0,3,2,0.0015760218,0.0
2021-03-18,0.0,3,2,0.0,0.0
2021-03-19,0.0,3,2,0.006815255,0.037156228
2021-03-20,1.4,3,2,1.0669119,0.054409884
2021-03-21,0.9,3,2,0.94164526,0.7370477
2021-03-22,0.5,3,2,1.4494467,0.13422577
2021-03-23,0.1,3,2,0.6029296,0.082505405
2021-03-24,0.1,3,2,0.60634637,0.018855536
2021-03-25,0.0,3,2,0.042285737,0.18438092
2021-03-26,0.0,3,2,0.015060873,0.033669066
2021-03-27,0.0,3,2,0.00870726,0.058122784
2021-03-28,0.0,3,2,0.009395856,0.0536242
2021-03-29,0.0,3,2,0.06801331,0.08840839
2021-03-30,0.0,3,2,0.09369728,0.0026432585
2021-03-31,0.0,3,2,0.1175146,0.09831788
2021-04-01,0.3,3,2,1.212359,0.13992162
2021-04-02,5.4,3,2,2.6871288,0.67099714
2021-04-03,3.5,3,2,2.242197,3.202211
2021-04-04,0.0,3,2,0.027761627,0.76697624
2021-04-05,0.1,3,2,0.5790523,0.13374148
2021-04-06,0.0,3,2,0.0,0.10650146
2021-04-07,0.0,3,2,0.0,0.034042865
2021-04-08,4.0,3,2,1.9059913,0.15385664
2021-04-09,3.5,3,2,1.4321456,4.2701035
2021-04-10,0.0,3,2,0.0,0.31541744
2021-04-11,0.1,3,2,0.72489166,0.09197686
2021-04-12,2.5,3,2,1.1572268,0.1519054
2021-04-13,0.1,3,2,1.7170293,1.4696631
2021-04-14,0.3,3,2,1.0421124,0.5540565
2021-04-15,3.5,3,2,1.541512,0.85824466
2021-04-16,3.2,3,2,5.627791,1.9188504
2021-04-17,0.1,3,2,1.0930529,3.9435315
2021-04-18,0.9,3,2,1.1095805,0.21726339
2021-04-19,11.3,3,2,4.6314735,0.8872297
2021-04-20,15.9,3,2,10.438049,6.274351
2021-04-21,48.1,3,2,12.061924,4.4921036
2021-04-22,66.6,3,2,13.371629,5.9290476
2021-04-23,24.6,3,2,17.183027,9.612248
2021-04-24,5.2,3,2,11.792312,16.717709
2021-04-25,7.7,3,2,8.4564,5.568337
2021-04-26,5.4,3,2,5.6412916,6.1340175
2021-04-27,0.1,3,2,2.856148,3.266549
2021-04-28,1.3,3,2,1.2840326,0.81196284
2021-04-29,0.1,3,2,1.7287648,0.4601851
2021-04-30,0.0,3,2,0.01233966,0.66145897
2021-05-01,3.6,3,2,2.5109384,0.26426104
2021-05-02,2.4,3,2,2.0412846,7.0508795
2021-05-03,0.3,3,2,1.1509042,0.6475886
2021-05-04,0.0,3,2,0.0,0.79454803
2021-05-05,0.0,3,2,0.0,0.37902695
2021-05-06,0.0,3,2,0.010627162,0.3874384
2021-05-07,0.0,3,2,0.0,0.39874282
2021-05-08,0.3,3,2,1.1605952,0.1839009
2021-05-09,0.3,3,2,1.4233747,2.3437757
2021-05-10,1.5,3,2,1.9420977,1.1936901
2021-05-11,0.3,3,2,2.1310308,6.399685
2021-05-12,6.5,3,2,2.9508715,1.6473954
2021-05-13,3.9,3,2,3.1447878,7.253381
2021-05-14,7.7,3,2,4.627543,3.773635
2021-05-15,0.1,3,2,1.8489933,6.2355146
2021-05-16,0.1,3,2,1.427367,1.2757614
2021-05-17,2.8,3,2,3.1163,2.115632
2021-05-18,13.2,3,2,7.9654703,8.716928
2021-05-19,7.8,3,2,10.253856,7.506548
2021-05-20,7.0,3,2,7.3415594,7.422758
2021-05-21,3.0,3,2,6.9533854,4.9606442
2021-05-22,22.8,3,2,9.649778,6.327314
2021-05-23,43.3,3,2,26.455408,8.423308
2021-05-24,26.0,3,2,36.09822,9.110459
2021-05-25,15.4,3,2,58.640625,9.479695
2021-05-26,28.7,3,2,20.928192,11.776157
2021-05-27,10.5,3,2,22.642956,9.503644
2021-05-28,1.2,3,2,11.887167,10.740774
2021-05-29,2.2,3,2,5.0991836,4.581807
2021-05-30,1.0,3,2,4.177643,6.1713142
2021-05-31,0.0,3,2,0.1956829,2.901624
2021-06-01,0.1,3,2,3.4942975,1.7066591
2021-06-02,8.7,3,2,4.7953978,2.7626224
2021-06-03,5.8,3,2,6.164193,3.9110312
2021-06-04,14.6,3,2,7.1630116,3.4535508
2021-06-05,5.8,3,2,8.88401,5.1202407
2021-06-06,11.2,3,2,6.598434,4.7679877
2021-06-07,6.3,3,2,10.720752,5.3222013
2021-06-08,15.1,3,2,10.486319,6.710553
2021-06-09,7.6,3,2,15.347166,5.1730523
2021-06-10,10.0,3,2,8.114969,5.995978
2021-06-11,37.3,3,2,12.641895,5.588708
2021-06-12,10.4,3,2,33.47532,7.3713903
2021-06-13,1.0,3,2,6.761114,8.935128
2021-06-14,0.5,3,2,2.523405,3.704403
2021-06-15,3.3,3,2,2.7762144,2.7295952
2021-06-16,12.1,3,2,12.734595,2.7840936
2021-06-17,2.1,3,2,8.567122,6.20176
2021-06-18,2.3,3,2,4.6510096,4.8617873
2021-01-01,0.0,4,1,0.0,0.629663
2021-01-02,0.0,4,1,0.128941,0.40829742
2021-01-03,0.8,4,1,1.1864963,0.6354126
2021-01-04,8.3,4,1,2.421564,1.3067296
2021-01-05,15.1,4,1,6.781493,1.5637743
2021-01-06,5.3,4,1,3.8419995,2.0212634
2021-01-07,0.9,4,1,1.7028997,0.9659381
2021-01-08,2.5,4,1,1.4782379,0.87666214
2021-01-09,0.0,4,1,0.0,0.82299936
2021-01-10,0.0,4,1,0.02525862,0.3601918
2021-01-11,0.0,4,1,0.0776456,0.47648507
2021-01-12,0.1,4,1,0.9227916,0.39765286
2021-01-13,0.4,4,1,0.69614005,0.64494276
2021-01-14,0.2,4,1,0.8879235,0.5341227
2021-01-15,0.0,4,1,0.037593517,0.64431655
2021-01-16,0.2,4,1,1.4630971,0.41755328
2021-01-17,0.1,4,1,0.5178535,0.8265135
2021-01-18,0.0,4,1,0.00023866868,0.3093616
2021-01-19,0.1,4,1,0.55123925,0.05856663
2021-01-20,0.0,4,1,0.04377181,0.5258659
2021-01-21,0.2,4,1,1.2093894,0.2523031
2021-01-22,3.7,4,1,2.1358058,1.416781
2021-01-23,0.1,4,1,1.7398031,1.9421508
2021-01-24,0.0,4,1,0.0142138405,0.9307281
2021-01-25,0.6,4,1,1.1388252,0.3222694
2021-01-26,0.4,4,1,1.5813253,0.54921174
2021-01-27,0.0,4,1,0.03329297,1.052324
2021-01-28,0.0,4,1,0.034268457,0.293925
2021-01-29,0.2,4,1,0.48593327,0.2915281
2021-01-30,0.0,4,1,0.0021555678,0.26783043
2021-01-31,0.0,4,1,0.0,0.06922483
2021-02-01,0.0,4,1,0.016678661,0.19286813
2021-02-02,0.5,4,1,0.6762482,0.27556586
2021-02-03,0.0,4,1,0.022399776,0.4839685
2021-02-04,0.0,4,1,0.0,0.18563259
2021-02-05,0.0,4,1,0.009998453,0.08951058
2021-02-06,0.0,4,1,0.018307865,0.28958696
2021-02-07,0.0,4,1,0.058996473,0.2689809
2021-02-08,0.0,4,1,0.010064807,0.312962
2021-02-09,0.0,4,1,0.0,0.1824597
2021-02-10,1.1,4,1,1.9000039,0.1382658
2021-02-11,1.1,4,1,2.5113413,1.3585694
2021-02-12,0.2,4,1,1.2420454,0.7433436
2021-02-13,0.2,4,1,0.60986876,0.34352094
2021-02-14,0.5,4,1,0.71466696,0.11253875
2021-02-15,0.0,4,1,0.09137534,0.18762514
2021-02-16,0.2,4,1,0.6223918,0.16587223
2021-02-17,0.0,4,1,0.02484809,0.22867025
2021-02-18,0.0,4,1,0.0,0.05437117
2021-02-19,0.0,4,1,0.0,0.0
2021-02-20,0.0,4,1,0.0010710469,0.03727431
2021-02-21,0.0,4,1,0.0069819675,0.0
2021-02-22,0.0,4,1,0.01796966,0.017386483
2021-02-23,0.0,4,1,0.02711856,0.056390688
2021-02-24,0.0,4,1,0.008234905,0.11291885
2021-02-25,0.0,4,1,0.075401455,0.059545696
2021-02-26,0.1,4,1,1.1790869,0.11654359
2021-02-27,0.0,4,1,0.20276988,1.0526602
2021-02-28,0.0,4,1,0.019853843,0.76775825
2021-03-01,0.0,4,1,0.021661991,0.08056302
2021-03-02,1.1,4,1,1.2196159,0.005939051
2021-03-03,0.0,4,1,0.048515704,0.29082626
2021-03-04,0.0,4,1,0.012718626,0.02230601
2021-03-05,0.0,4,1,0.009493696,0.0
2021-03-06,0.1,4,1,0.5119982,0.0
2021-03-07,0.0,4,1,0.024587339,0.07224796
2021-03-08,0.2,4,1,0.58074045,0.100153215
2021-03-09,0.1,4,1,0.40352887,0.026227437
2021-03-10,0.4,4,1,0.60794103,0.0
2021-03-11,0.0,4,1,0.0018479775,0.23558997
2021-03-12,0.0,4,1,0.013391059,0.024034346
2021-03-13,0.0,4,1,0.005732521,0.057443243
2021-03-14,0.0,4,1,0.0059318007,0.026276374
2021-03-15,0.0,4,1,0.007721001,0.13367863
2021-03-16,0.1,4,1,0.6584065,0.06962087
2021-03-17,0.0,4,1,0.077854075,0.35525745
2021-03-18,0.0,4,1,0.12342296,0.31844595
2021-03-19,0.0,4,1,0.33234128,0.27258536
2021-03-20,0.9,4,1,3.1797657,0.4899926
2021-03-21,0.0,4,1,0.2883604,2.0240257
2021-03-22,0.0,4,1,0.043184053,0.45358232
2021-03-23,0.1,4,1,0.4634044,0.05605111
2021-03-24,2.1,4,1,0.749545,0.10348548
2021-03-25,0.0,4,1,0.07233878,0.5402876
2021-03-26,0.0,4,1,0.037661,0.14396161
2021-03-27,1.8,4,1,1.1290057,0.14328983
2021-03-28,0.2,4,1,2.1627681,1.1947682
2021-03-29,0.1,4,1,1.6697767,0.596431
2021-03-30,0.0,4,1,0.18893531,1.5075791
2021-03-31,0.0,4,1,0.012403041,0.81310093
2021-04-01,0.0,4,1,0.070605546,0.43077922
2021-04-02,7.3,4,1,4.378171,0.3628133
2021-04-03,12.9,4,1,11.641486,3.4563022
2021-04-04,2.0,4,1,4.933763,2.5634975
2021-04-05,0.5,4,1,1.6902361,1.9339521
2021-04-06,0.0,4,1,0.0,0.5495105
2021-04-07,0.6,4,1,1.4418669,0.3156421
2021-04-08,3.6,4,1,2.6821132,0.8898101
2021-04-09,4.5,4,1,3.3885636,2.3824568
2021-04-10,0.7,4,1,2.1039236,1.6105127
2021-04-11,0.8,4,1,1.3884549,0.7475399
2021-04-12,2.1,4,1,2.2697353,0.91799605
2021-04-13,12.9,4,1,5.4482927,1.1641264
2021-04-14,7.7,4,1,10.582699,3.0358777
2021-04-15,0.6,4,1,3.2569733,5.300031
2021-04-16,2.4,4,1,2.765978,1.7496941
2021-04-17,11.1,4,1,7.917218,2.1867864
2021-04-18,0.5,4,1,6.142989,3.2995348
2021-04-19,0.1,4,1,2.0625873,1.9923055
2021-04-20,1.8,4,1,2.3399804,1.22458
2021-04-21,0.4,4,1,3.7359142,2.1023617
2021-04-22,1.0,4,1,2.4710035,2.1269014
2021-04-23,4.8,4,1,4.432795,1.8916614
2021-04-24,0.8,4,1,3.3902707,2.8895679
2021-04-25,0.0,4,1,0.26787055,2.0873644
2021-04-26,0.1,4,1,2.211092,1.1265786
2021-04-27,12.7,4,1,4.321474,2.3909035
2021-04-28,2.7,4,1,7.070904,3.3197045
2021-04-29,2.3,4,1,4.924795,2.4793952
2021-04-30,0.4,4,1,1.909517,2.6237545
2021-05-01,14.3,4,1,3.7942152,1.0785396
2021-05-02,20.3,4,1,8.524654,2.7534235
2021-05-03,0.4,4,1,2.8582153,3.5830235
2021-05-04,9.2,4,1,5.9042745,1.5297132
2021-05-05,3.9,4,1,2.6736155,6.415387
2021-05-06,0.8,4,1,3.4151692,1.8877578
2021-05-07,8.1,4,1,2.899519,2.6100998
2021-05-08,4.5,4,1,7.0536385,2.519705
2021-05-09,6.6,4,1,5.861244,4.663182
2021-05-10,0.6,4,1,3.7942562,3.7665362
2021-05-11,2.2,4,1,4.69543,3.0677152
2021-05-12,0.0,4,1,0.0,3.3821726
2021-05-13,0.2,4,1,2.595675,1.3659732
2021-05-14,1.8,4,1,3.8270612,2.3956585
2021-05-15,8.3,4,1,4.913166,2.43852
2021-05-16,14.3,4,1,10.011901,3.0596929
2021-05-17,11.0,4,1,9.571394,3.724154
2021-05-18,8.1,4,1,7.4029007,3.5128064
2021-05-19,4.4,4,1,3.0700393,4.0022645
2021-05-20,7.0,4,1,2.9594512,2.904418
2021-05-21,15.7,4,1,5.107662,3.029829
2021-05-22,4.4,4,1,7.5883474,3.143015
2021-05-23,3.1,4,1,4.2308226,3.1822252
2021-05-24,18.0,4,1,6.17691,2.9032614
2021-05-25,24.1,4,1,12.087882,3.7542706
2021-05-26,48.6,4,1,16.37365,4.706349
2021-05-27,6.1,4,1,15.504372,5.387482
2021-05-28,2.0,4,1,4.7564855,5.223241
2021-05-29,1.4,4,1,5.5417943,3.7141037
2021-05-30,2.6,4,1,4.791477,5.0694065
2021-05-31,2.4,4,1,5.4136734,3.46417
2021-06-01,0.3,4,1,3.35884,3.7108765
2021-06-02,1.0,4,1,3.7206664,2.2560093
2021-06-03,3.0,4,1,4.684445,2.4452772
2021-06-04,0.4,4,1,3.9959474,2.721645
2021-06-05,0.0,4,1,0.14617005,2.3371189
2021-06-06,19.2,4,1,3.2146049,1.2672937
2021-06-07,24.5,4,1,10.376209,2.174947
2021-06-08,15.1,4,1,17.573711,4.170664
2021-06-09,1.0,4,1,4.34593,4.660108
2021-06-10,20.9,4,1,6.2476945,2.3584068
2021-06-11,7.8,4,1,7.179657,6.5542006
2021-06-12,2.6,4,1,7.9460335,4.0845222
2021-06-13,2.2,4,1,5.4653244,4.784011
2021-06-14,0.7,4,1,3.7984672,3.0713506
2021-06-15,0.2,4,1,3.0402975,2.439533
2021-06-16,0.2,4,1,3.1892786,2.6825082
2021-06-17,0.1,4,1,2.651041,2.4068434
2021-06-18,0.4,4,1,1.8592656,1.9851937
2021-01-01,0.0,5,0,0.0,0.03433986
2021-01-02,0.0,5,0,0.0,0.02435374
2021-01-03,2.5,5,0,0.43281895,0.040205054
2021-01-04,0.0,5,0,0.0,0.5277858
2021-01-05,0.3,5,0,0.3827861,0.08221747
2021-01-06,0.0,5,0,0.033480138,0.82776594
2021-01-07,0.8,5,0,1.0762994,0.24511917
2021-01-08,0.2,5,0,2.3735938,1.2704601
2021-01-09,0.0,5,0,0.027212283,0.18216111
2021-01-10,0.0,5,0,0.06314281,0.14220276
2021-01-11,0.0,5,0,0.14455149,0.15798114
2021-01-12,0.0,5,0,0.07784678,0.056009818
2021-01-13,0.0,5,0,0.0,0.035907365
2021-01-14,0.0,5,0,0.002328718,0.10930575
2021-01-15,0.0,5,0,0.03513615,0.021766886
2021-01-16,0.0,5,0,0.024433944,0.113477394
2021-01-17,3.3,5,0,0.6729095,0.09945238
2021-01-18,0.0,5,0,0.014987553,0.104507804
2021-01-19,0.0,5,0,0.0,0.0011848079
2021-01-20,0.0,5,0,0.0,0.10970288
2021-01-21,1.5,5,0,2.0382936,0.48973832
2021-01-22,0.1,5,0,0.8295083,0.79095113
2021-01-23,0.0,5,0,0.0,0.3510942
2021-01-24,0.0,5,0,0.0,0.13352324
2021-01-25,0.0,5,0,0.0,0.15328585
2021-01-26,1.5,5,0,0.88628006,0.3955689
2021-01-27,0.0,5,0,0.0,0.6613159
2021-01-28,0.3,5,0,1.1238837,0.22917166
2021-01-29,0.0,5,0,0.0,0.36964133
2021-01-30,0.3,5,0,0.72865653,0.09581049
2021-01-31,0.2,5,0,1.3095069,2.0148907
2021-02-01,0.0,5,0,0.0,1.966357
2021-02-02,0.0,5,0,0.0,0.410188
2021-02-03,0.1,5,0,0.4461069,0.14628726
2021-02-04,0.0,5,0,0.0,0.36514416
2021-02-05,0.1,5,0,0.39181316,0.4081353
2021-02-06,0.0,5,0,0.0,0.4892849
2021-02-07,0.0,5,0,0.0,0.22530457
2021-02-08,0.4,5,0,0.5143974,0.21560279
2021-02-09,42.1,5,0,4.363115,0.74735785
2021-02-10,1.2,5,0,1.0804167,2.564451
2021-02-11,0.0,5,0,0.0,0.4034921
2021-02-12,0.0,5,0,0.020655924,0.17447607
2021-02-13,0.0,5,0,0.011973563,0.101595014
2021-02-14,0.0,5,0,0.0,0.11537969
2021-02-15,0.0,5,0,0.009454096,0.107638806
2021-02-16,0.0,5,0,0.0,0.13044767
2021-02-17,0.4,5,0,1.1067922,0.2918346
2021-02-18,0.0,5,0,0.0,0.31913954
2021-02-19,0.0,5,0,0.0,0.13942364
2021-02-20,0.0,5,0,0.0027943146,0.13919613
2021-02-21,0.0,5,0,0.0,0.04913224
2021-02-22,0.0,5,0,0.0,0.096039765
2021-02-23,0.0,5,0,0.0,0.15638164
2021-02-24,0.0,5,0,0.0,0.08180924
2021-02-25,0.0,5,0,0.027462192,0.18620932
2021-02-26,0.0,5,0,0.0,0.49375626
2021-02-27,0.7,5,0,1.8774104,0.2322463
2021-02-28,2.3,5,0,1.4337318,2.3438447
2021-03-01,0.0,5,0,0.050354697,1.5115907
2021-03-02,1.1,5,0,0.91919386,0.6654979
2021-03-03,4.3,5,0,2.7626286,0.41602704
2021-03-04,3.5,5,0,3.2835813,4.407486
2021-03-05,0.0,5,0,0.07597984,2.15757
2021-03-06,1.4,5,0,1.7506993,0.6541363
2021-03-07,1.0,5,0,1.7908683,1.5377433
2021-03-08,4.7,5,0,2.891673,0.9131386
2021-03-09,2.4,5,0,4.7957416,3.1432948
2021-03-10,1.9,5,0,1.6766574,1.6760249
2021-03-11,2.9,5,0,1.7776182,0.60406554
2021-03-12,1.5,5,0,1.96227,1.2416883
2021-03-13,0.0,5,0,0.0,0.5070851
2021-03-14,0.0,5,0,0.0,0.13610615
2021-03-15,0.0,5,0,0.0,0.3776205
2021-03-16,0.5,5,0,0.40126258,0.3585603
2021-03-17,0.0,5,0,0.0,0.6035627
2021-03-18,0.0,5,0,0.08497196,0.33190015
2021-03-19,0.0,5,0,0.29325587,0.6558093
2021-03-20,0.2,5,0,0.8277699,0.6598208
2021-03-21,1.6,5,0,2.5477355,0.93368363
2021-03-22,3.2,5,0,5.6224837,1.4030545
2021-03-23,0.0,5,0,0.0,0.4807198
2021-03-24,0.0,5,0,0.04027452,0.48595735
2021-03-25,0.4,5,0,0.5754461,0.43780774
2021-03-26,0.8,5,0,1.0964878,0.74940085
2021-03-27,0.5,5,0,0.6875349,0.7255932
2021-03-28,0.9,5,0,0.7406361,0.7229947
2021-03-29,0.0,5,0,0.15463783,1.0478537
2021-03-30,0.7,5,0,1.4701285,0.85518456
2021-03-31,0.1,5,0,0.6772902,0.9593115
2021-04-01,0.0,5,0,0.0,0.95857954
2021-04-02,1.6,5,0,1.8496492,0.9994173
2021-04-03,1.8,5,0,2.4119384,0.8972609
2021-04-04,2.1,5,0,4.2721915,0.997383
2021-04-05,1.3,5,0,4.0773997,1.9064407
2021-04-06,1.5,5,0,2.2205718,1.269305
2021-04-07,6.6,5,0,1.4200258,1.7852285
2021-04-08,3.5,5,0,2.999937,1.5854499
2021-04-09,1.1,5,0,6.328613,0.8893753
2021-04-10,4.4,5,0,5.4501495,3.6500072
2021-04-11,5.8,5,0,4.2159357,3.3691106
2021-04-12,1.1,5,0,2.4153109,1.9437046
2021-04-13,0.0,5,0,0.0,1.0587726
2021-04-14,0.1,5,0,0.586388,0.49308902
2021-04-15,1.3,5,0,0.8832718,1.0815191
2021-04-16,0.1,5,0,1.729454,1.2509277
2021-04-17,20.7,5,0,3.3055487,0.81415427
2021-04-18,4.4,5,0,8.127271,2.0766683
2021-04-19,52.5,5,0,6.334741,4.8688016
2021-04-20,1.5,5,0,5.809691,3.6766348
2021-04-21,4.4,5,0,3.1007085,1.1230814
2021-04-22,1.7,5,0,3.5896182,2.475796
2021-04-23,0.9,5,0,3.03855,1.8827677
2021-04-24,0.1,5,0,2.5098908,2.0829775
2021-04-25,4.2,5,0,3.6167974,1.4757566
2021-04-26,13.5,5,0,13.478135,1.4550662
2021-04-27,14.4,5,0,19.269264,3.002904
2021-04-28,2.6,5,0,11.675245,4.0835743
2021-04-29,3.7,5,0,1.5762687,1.510937
2021-04-30,0.0,5,0,0.0,0.574298
2021-05-01,2.1,5,0,1.3622019,0.30492812
2021-05-02,8.3,5,0,4.189333,1.0598252
2021-05-03,21.4,5,0,7.6100245,1.4442313
2021-05-04,2.6,5,0,10.675505,2.039921
2021-05-05,13.3,5,0,14.068481,2.1589708
2021-05-06,2.1,5,0,7.9143867,1.7297363
2021-05-07,1.5,5,0,3.2231698,1.2657852
2021-05-08,0.0,5,0,0.046023488,1.339786
2021-05-09,0.8,5,0,3.6384225,0.81519234
2021-05-10,0.8,5,0,5.825641,2.6718895
2021-05-11,0.5,5,0,5.3730083,2.2963743
2021-05-12,0.2,5,0,4.6961374,2.4136333
2021-05-13,2.5,5,0,4.305563,2.8970847
2021-05-14,13.5,5,0,9.070978,3.1206698
2021-05-15,15.4,5,0,13.513044,3.953991
2021-05-16,1.6,5,0,14.724735,4.05372
2021-05-17,2.0,5,0,5.0324326,5.0669665
2021-05-18,23.8,5,0,7.3018703,3.6452155
2021-05-19,22.2,5,0,25.696936,4.7725506
2021-05-20,0.5,5,0,20.381498,7.8886986
2021-05-21,2.3,5,0,9.98109,7.845215
2021-05-22,5.2,5,0,9.663092,6.5531435
2021-05-23,2.4,5,0,6.6887627,6.1255093
2021-05-24,3.8,5,0,6.6034956,3.7222362
2021-05-25,10.0,5,0,8.755273,2.755462
2021-05-26,2.7,5,0,8.071118,3.7239966
2021-05-27,6.9,5,0,3.666523,5.1942806
2021-05-28,1.7,5,0,4.6317945,2.8250067
2021-05-29,4.4,5,0,4.446007,3.489272
2021-05-30,2.2,5,0,7.272401,4.3826613
2021-05-31,6.3,5,0,6.4740567,4.1270957
2021-06-01,9.9,5,0,13.937557,4.698221
2021-06-02,7.1,5,0,9.377261,4.6641083
2021-06-03,10.5,5,0,10.028046,3.6120224
2021-06-04,14.1,5,0,6.520897,4.0473933
2021-06-05,3.1,5,0,2.525374,1.9933121
2021-06-06,0.0,5,0,0.0,1.808495
2021-06-07,4.8,5,0,4.5317426,1.2462952
2021-06-08,1.3,5,0,3.5211444,2.483741
2021-06-09,11.9,5,0,6.3319297,1.5997827
2021-06-10,9.3,5,0,9.22531,3.9432697
2021-06-11,11.8,5,0,5.616378,5.3934374
2021-06-12,24.3,5,0,8.870065,3.253255
2021-06-13,45.6,5,0,35.133396,7.8244143
2021-06-14,17.5,5,0,37.546303,8.360441
2021-06-15,0.8,5,0,6.633626,5.3634267
2021-06-16,7.9,5,0,4.7671604,3.0626698
2021-06-17,1.8,5,0,4.6493855,4.944364
2021-06-18,3.7,5,0,3.720636,4.303694
2021-01-01,3.7,6,3,7.886424,7.251623
2021-01-02,5.9,6,3,7.057439,6.828663
2021-01-03,1.9,6,3,5.741629,3.7463427
2021-01-04,28.0,6,3,11.772947,5.8379245
2021-01-05,21.7,6,3,12.570813,7.494524
2021-01-06,8.8,6,3,13.867325,8.166687
2021-01-07,7.0,6,3,5.504231,10.733952
2021-01-08,7.8,6,3,3.935738,5.2452793
2021-01-09,7.2,6,3,2.8906803,3.7081366
2021-01-10,1.9,6,3,2.0572267,3.2100358
2021-01-11,3.0,6,3,2.7847888,2.0610452
2021-01-12,2.0,6,3,1.9616756,5.6289196
2021-01-13,0.9,6,3,0.67194605,3.4154787
2021-01-14,0.3,6,3,0.5202558,0.46765578
2021-01-15,0.0,6,3,0.0,0.43089756
2021-01-16,0.3,6,3,0.82058465,0.124119155
2021-01-17,0.4,6,3,0.9598248,1.405083
2021-01-18,2.2,6,3,0.8558254,0.9717357
2021-01-19,0.4,6,3,3.128447,2.1130748
2021-01-20,0.0,6,3,0.1541558,1.9316099
2021-01-21,0.1,6,3,1.5858366,0.327194
2021-01-22,0.4,6,3,0.9569117,1.2203751
2021-01-23,0.0,6,3,0.064999506,0.44358388
2021-01-24,0.0,6,3,0.0,0.27731568
2021-01-25,0.0,6,3,0.0,0.20704354
2021-01-26,0.0,6,3,0.026462523,0.14276321
2021-01-27,0.0,6,3,0.03647796,0.24044235
2021-01-28,0.4,6,3,1.5029995,0.2333831
2021-01-29,1.0,6,3,1.3367169,1.6551082
2021-01-30,0.2,6,3,0.93855786,1.5991807
2021-01-31,1.5,6,3,2.1028965,1.058687
2021-02-01,0.0,6,3,0.06418144,2.921149
2021-02-02,0.0,6,3,0.0,0.12506059
2021-02-03,2.5,6,3,0.94910383,0.16166982
2021-02-04,0.1,6,3,1.0094008,2.0278368
2021-02-05,0.1,6,3,0.388066,0.67889726
2021-02-06,0.0,6,3,0.0,0.7874669
2021-02-07,0.0,6,3,0.007106217,0.33122632
2021-02-08,0.0,6,3,0.0,0.4324309
2021-02-09,0.1,6,3,0.37648612,0.17766328
2021-02-10,0.1,6,3,0.8549423,0.28849927
2021-02-11,0.0,6,3,0.07955863,1.2049537
2021-02-12,0.2,6,3,0.63804555,0.3338234
2021-02-13,0.0,6,3,0.0,1.2303777
2021-02-14,0.0,6,3,0.0,0.24481596
2021-02-15,0.0,6,3,0.0,0.15011275
2021-02-16,0.0,6,3,0.0,0.12336622
2021-02-17,0.1,6,3,0.39126617,0.0416184
2021-02-18,2.6,6,3,3.2715926,0.647897
2021-02-19,5.5,6,3,4.552008,3.4006786
2021-02-20,1.3,6,3,1.7577379,4.142591
2021-02-21,0.6,6,3,0.62812316,1.1622193
2021-02-22,0.0,6,3,0.0,0.44644463
2021-02-23,0.0,6,3,0.0,0.03784426
2021-02-24,0.0,6,3,0.0,0.13429764
2021-02-25,0.0,6,3,0.0,0.07441725
2021-02-26,0.0,6,3,0.0579561,0.032602135
2021-02-27,0.0,6,3,0.04041443,0.06407972
2021-02-28,0.3,6,3,1.1297331,0.11815269
2021-03-01,0.1,6,3,1.4782243,1.6828771
2021-03-02,0.1,6,3,0.6088691,0.63302124
2021-03-03,1.2,6,3,1.7127047,0.8302213
2021-03-04,0.1,6,3,0.7999549,1.896071
2021-03-05,0.1,6,3,0.318434,0.33016825
2021-03-06,0.0,6,3,0.0,0.36402678
2021-03-07,0.1,6,3,0.3812904,0.14805424
2021-03-08,0.9,6,3,1.2052226,0.6099241
2021-03-09,0.7,6,3,1.1348059,1.5855002
2021-03-10,0.5,6,3,0.55719614,1.3764515
2021-03-11,1.0,6,3,0.5413041,0.6044332
2021-03-12,0.3,6,3,0.90423346,0.8928902
2021-03-13,0.4,6,3,0.68194616,1.1471934
2021-03-14,0.2,6,3,0.5478842,1.1244049
2021-03-15,0.1,6,3,0.34192845,0.98420584
2021-03-16,0.1,6,3,0.3627027,0.35108417
2021-03-17,0.0,6,3,0.0,0.27862334
2021-03-18,0.0,6,3,0.0,0.15784952
2021-03-19,0.0,6,3,0.0,0.40068078
2021-03-20,0.3,6,3,0.86281,0.22326073
2021-03-21,0.5,6,3,0.87438333,0.9561026
2021-03-22,3.3,6,3,4.6301265,1.2320504
2021-03-23,11.4,6,3,17.73819,6.3032417
2021-03-24,11.4,6,3,11.3811865,10.81993
2021-03-25,8.2,6,3,8.694581,4.6131434
2021-03-26,3.7,6,3,7.874728,2.3307931
2021-03-27,0.3,6,3,3.1963544,2.5815816
2021-03-28,0.1,6,3,1.3017433,0.7840711
2021-03-29,0.0,6,3,0.0,0.6392522
2021-03-30,0.0,6,3,0.01869268,0.32572997
2021-03-31,0.0,6,3,0.028821837,0.3355717
2021-04-01,0.0,6,3,0.005061358,0.3248619
2021-04-02,0.0,6,3,0.0,0.36096793
2021-04-03,0.7,6,3,1.0373759,0.2851725
2021-04-04,0.2,6,3,1.0983558,0.92411184
2021-04-05,0.5,6,3,0.57729006,0.82064354
2021-04-06,0.1,6,3,0.5957843,0.39951015
2021-04-07,0.1,6,3,0.55464494,0.58158267
2021-04-08,1.2,6,3,0.7306396,0.66126645
2021-04-09,1.0,6,3,1.3941605,0.71903324
2021-04-10,4.4,6,3,3.4928412,0.933586
2021-04-11,0.8,6,3,1.8885088,2.9135835
2021-04-12,0.9,6,3,1.3346722,1.0712187
2021-04-13,1.2,6,3,1.712951,0.8383856
2021-04-14,0.0,6,3,0.0,1.2043469
2021-04-15,0.1,6,3,1.1064413,0.26849356
2021-04-16,0.2,6,3,1.5029516,0.88234377
2021-04-17,0.0,6,3,0.0,0.83875847
2021-04-18,0.0,6,3,0.0,0.19958399
2021-04-19,6.3,6,3,1.642242,0.43880966
2021-04-20,16.8,6,3,4.272557,2.1762316
2021-04-21,22.8,6,3,6.6237116,2.2094572
2021-04-22,11.4,6,3,4.520123,3.2888312
2021-04-23,12.2,6,3,9.134173,4.925462
2021-04-24,2.8,6,3,3.9850144,6.888435
2021-04-25,1.7,6,3,4.9716105,3.2113094
2021-04-26,2.2,6,3,5.6048403,3.0152779
2021-04-27,4.8,6,3,6.001121,5.432593
2021-04-28,0.5,6,3,3.918746,3.9253821
2021-04-29,1.7,6,3,1.4854612,1.0836728
2021-04-30,0.1,6,3,1.0414703,2.2223732
2021-05-01,0.9,6,3,1.4594083,0.59044516
2021-05-02,1.1,6,3,2.0342133,2.319033
2021-05-03,0.1,6,3,1.7919507,1.0632446
2021-05-04,0.1,6,3,1.791115,0.94345343
2021-05-05,3.1,6,3,1.7490184,1.1895247
2021-05-06,29.6,6,3,7.109173,2.9540854
2021-05-07,5.5,6,3,9.729299,3.0391054
2021-05-08,0.9,6,3,5.235814,2.3844254
2021-05-09,0.0,6,3,0.14543141,2.4496772
2021-05-10,0.0,6,3,0.048727717,0.572577
2021-05-11,0.1,6,3,1.546284,0.48734432
2021-05-12,0.0,6,3,0.015637048,1.1252685
2021-05-13,0.1,6,3,2.338465,0.5638857
2021-05-14,1.3,6,3,4.330409,2.5342226
2021-05-15,3.6,6,3,3.6025624,3.593049
2021-05-16,1.2,6,3,5.9262652,2.0177763
2021-05-17,7.5,6,3,6.26393,2.437702
2021-05-18,9.3,6,3,7.5238295,4.382512
2021-05-19,1.7,6,3,8.168309,2.2096696
2021-05-20,1.3,6,3,3.5711546,3.2716193
2021-05-21,2.1,6,3,2.8159804,1.4190929
2021-05-22,6.6,6,3,4.154927,2.4452538
2021-05-23,21.5,6,3,7.1706038,1.893291
2021-05-24,20.6,6,3,10.027796,4.0551257
2021-05-25,14.1,6,3,8.433689,4.6850753
2021-05-26,13.1,6,3,6.6229663,3.6143036
2021-05-27,2.3,6,3,9.152488,4.914361
2021-05-28,0.2,6,3,3.6360192,4.2870407
2021-05-29,1.8,6,3,2.278852,1.3138988
2021-05-30,3.1,6,3,4.218056,1.6448431
2021-05-31,1.6,6,3,4.716602,3.301649
2021-06-01,2.2,6,3,3.3675885,1.8872731
2021-06-02,2.3,6,3,4.5554357,1.7114716
2021-06-03,1.9,6,3,2.698415,2.3099723
2021-06-04,4.1,6,3,1.7968512,1.0743663
2021-06-05,0.8,6,3,5.083092,0.9459238
2021-06-06,12.4,6,3,1.7874303,2.629109
2021-06-07,7.3,6,3,3.490901,1.3381054
2021-06-08,3.9,6,3,2.8825464,2.9533799
2021-06-09,0.7,6,3,2.8405466,3.0326343
2021-06-10,0.2,6,3,1.3088279,2.1493158
2021-06-11,0.3,6,3,1.2746549,1.4542634
2021-06-12,0.3,6,3,1.0443704,1.954052
2021-06-13,0.1,6,3,0.6619817,1.502743
2021-06-14,0.1,6,3,0.39049083,0.6596012
2021-06-15,0.7,6,3,0.8606473,0.47351146
2021-06-16,2.8,6,3,2.8180203,1.5270698
2021-06-17,4.2,6,3,1.7435493,2.5342307
2021-06-18,2.1,6,3,2.2675784,1.2186401
2021-01-01,0.0,7,1,0.0,0.28353614
2021-01-02,0.0,7,1,0.0,0.2366219
2021-01-03,0.3,7,1,0.88470185,0.4181819
2021-01-04,0.2,7,1,1.5256398,0.77344584
2021-01-05,4.8,7,1,2.8864138,1.0816636
2021-01-06,0.0,7,1,0.0,1.414027
2021-01-07,0.3,7,1,2.0949743,0.53501654
2021-01-08,0.1,7,1,0.83538604,1.7438803
2021-01-09,0.0,7,1,0.0,0.7153797
2021-01-10,0.0,7,1,0.0005442104,0.4195233
2021-01-11,0.0,7,1,0.01670007,0.28694758
2021-01-12,0.0,7,1,0.0,0.32209143
2021-01-13,0.0,7,1,0.011401882,0.17295627
2021-01-14,0.0,7,1,0.06387127,0.21262069
2021-01-15,0.0,7,1,0.0363859,0.29645172
2021-01-16,0.0,7,1,0.016373137,0.23718014
2021-01-17,0.0,7,1,0.018447226,0.24761464
2021-01-18,0.0,7,1,0.0,0.19470586
2021-01-19,0.0,7,1,0.047603983,0.060752235
2021-01-20,0.0,7,1,0.0,0.20412083
2021-01-21,0.0,7,1,0.025641939,0.15695733
2021-01-22,1.5,7,1,1.1065829,0.26054257
2021-01-23,5.7,7,1,1.7819035,1.798342
2021-01-24,7.0,7,1,2.5230575,1.2776766
2021-01-25,2.3,7,1,2.4134097,1.2138481
2021-01-26,0.0,7,1,0.0,0.54688466
2021-01-27,0.0,7,1,0.029077582,0.26038608
2021-01-28,0.2,7,1,0.9626938,0.23306316
2021-01-29,0.0,7,1,0.0038048665,0.5379441
2021-01-30,0.0,7,1,0.04335489,0.14865255
2021-01-31,0.0,7,1,0.011543146,0.07516991
2021-02-01,0.0,7,1,0.017503532,0.08984039
2021-02-02,0.0,7,1,0.0059641176,0.10951406
2021-02-03,0.0,7,1,0.029463215,0.06279147
2021-02-04,0.0,7,1,0.020712668,0.09792398
2021-02-05,0.1,7,1,0.55758667,0.026996855
2021-02-06,0.0,7,1,0.020589812,0.440067
2021-02-07,0.0,7,1,0.028372897,0.16046937
2021-02-08,0.0,7,1,0.0,0.287824
2021-02-09,0.0,7,1,0.0,0.121496715
2021-02-10,0.0,7,1,0.21903338,0.085123524
2021-02-11,1.0,7,1,2.1425738,0.33678198
2021-02-12,0.4,7,1,1.1187232,1.3182044
2021-02-13,0.0,7,1,0.059977695,0.34495598
2021-02-14,0.1,7,1,0.57735753,0.15916511
2021-02-15,0.0,7,1,0.0072112544,0.19958106
2021-02-16,0.0,7,1,0.0025257706,0.11871441
2021-02-17,0.0,7,1,0.0022839864,0.04516079
2021-02-18,0.0,7,1,0.0,0.013750173
2021-02-19,0.0,7,1,0.0,0.0
2021-02-20,0.0,7,1,0.0,0.0
2021-02-21,0.0,7,1,0.0,0.0
2021-02-22,0.0,7,1,0.0,0.014723713
2021-02-23,0.0,7,1,0.0065518,0.025748117
2021-02-24,0.0,7,1,0.012110325,0.08354413
2021-02-25,0.0,7,1,0.07756264,0.103495084
2021-02-26,0.0,7,1,0.014426174,0.13067658
2021-02-27,0.0,7,1,0.0035595475,0.21142487
2021-02-28,0.0,7,1,0.0046159863,0.14350317
2021-03-01,0.0,7,1,0.0,0.10126833
2021-03-02,0.0,7,1,0.007332491,0.07296868
2021-03-03,0.0,7,1,0.0,0.07490592
2021-03-04,0.0,7,1,0.0,0.0
2021-03-05,0.0,7,1,0.0,0.0
2021-03-06,0.0,7,1,0.0,0.0
2021-03-07,0.0,7,1,0.0,0.01403735
2021-03-08,0.1,7,1,0.3190148,0.03328148
2021-03-09,0.0,7,1,0.0,0.14246607
2021-03-10,0.0,7,1,0.007250421,0.0
2021-03-11,0.0,7,1,0.0067477576,0.0
2021-03-12,0.0,7,1,0.0,0.0
2021-03-13,0.0,7,1,0.0,0.0
2021-03-14,0.0,7,1,0.0,0.0063263373
2021-03-15,0.0,7,1,0.0,0.06528329
2021-03-16,0.0,7,1,0.0021155935,0.087518685
2021-03-17,0.0,7,1,0.007225048,0.11660103
2021-03-18,0.0,7,1,0.004146453,0.09704694
2021-03-19,0.2,7,1,0.885183,0.16057509
2021-03-20,0.2,7,1,1.0570407,1.4408906
2021-03-21,0.2,7,1,0.81060064,0.8562566
2021-03-22,0.2,7,1,0.6140398,0.4108264
2021-03-23,0.1,7,1,0.4061067,0.07892159
2021-03-24,0.1,7,1,0.4450032,0.028797626
2021-03-25,0.0,7,1,0.014589479,0.0622791
2021-03-26,0.0,7,1,0.013115582,0.0
2021-03-27,0.0,7,1,0.0,0.003136657
2021-03-28,0.0,7,1,0.041627057,0.08882185
2021-03-29,0.0,7,1,0.042379294,0.14332767
2021-03-30,0.0,7,1,0.032685835,0.04983372
2021-03-31,0.0,7,1,0.0,0.0958276
2021-04-01,0.0,7,1,0.043391522,0.052595142
2021-04-02,2.2,7,1,1.2771516,0.05294667
2021-04-03,5.7,7,1,6.500553,1.7905824
2021-04-04,1.2,7,1,2.0687003,1.8944426
2021-04-05,4.7,7,1,1.7515469,0.3706371
2021-04-06,0.0,7,1,0.0,0.35635966
2021-04-07,0.1,7,1,1.1822531,0.07109837
2021-04-08,0.7,7,1,1.3870263,0.8574668
2021-04-09,2.4,7,1,2.9929252,0.96340895
2021-04-10,3.7,7,1,1.9655917,3.1357884
2021-04-11,0.0,7,1,0.0,0.35390073
2021-04-12,3.5,7,1,1.7280266,0.2835327
2021-04-13,2.8,7,1,4.296799,1.2212203
2021-04-14,2.5,7,1,3.4598932,1.5254388
2021-04-15,0.6,7,1,3.3141875,2.5819767
2021-04-16,6.8,7,1,2.1515393,1.0128992
2021-04-17,4.8,7,1,4.528934,2.399392
2021-04-18,4.0,7,1,2.9089646,2.1764262
2021-04-19,0.8,7,1,2.6269283,1.5092101
2021-04-20,0.2,7,1,2.1804297,1.3226845
2021-04-21,0.2,7,1,2.3089492,1.9335823
2021-04-22,0.5,7,1,1.8203864,1.8752866
2021-04-23,0.7,7,1,2.6948633,1.6421626
2021-04-24,0.1,7,1,2.0261357,1.7794383
2021-04-25,0.1,7,1,1.5013313,1.7820578
2021-04-26,0.1,7,1,1.2670367,1.1445096
2021-04-27,1.0,7,1,2.2828197,1.6726317
2021-04-28,1.1,7,1,2.6976895,2.659908
2021-04-29,1.4,7,1,2.7092853,1.5553443
2021-04-30,9.7,7,1,1.917835,1.5459056
2021-05-01,2.9,7,1,3.7963428,1.3812039
2021-05-02,4.6,7,1,2.6967149,2.4526043
2021-05-03,0.1,7,1,1.1396737,1.7501254
2021-05-04,3.0,7,1,1.5532153,0.8957037
2021-05-05,2.7,7,1,1.985389,2.5191302
2021-05-06,0.1,7,1,2.8829267,1.2994668
2021-05-07,3.9,7,1,2.3654847,1.0924366
2021-05-08,0.8,7,1,2.6544945,1.8182287
2021-05-09,5.9,7,1,3.3070478,1.9598932
2021-05-10,0.8,7,1,2.932774,2.423526
2021-05-11,0.2,7,1,2.5608482,1.979131
2021-05-12,0.1,7,1,1.5011566,2.1118338
2021-05-13,0.2,7,1,2.2851481,1.8469067
2021-05-14,0.4,7,1,2.447763,1.8416181
2021-05-15,1.9,7,1,3.861751,2.1452398
2021-05-16,2.6,7,1,4.0954533,1.6758857
2021-05-17,7.2,7,1,8.342221,1.4816923
2021-05-18,1.1,7,1,5.0194216,2.0479548
2021-05-19,4.9,7,1,4.2874656,2.162548
2021-05-20,12.4,7,1,4.4897804,2.112399
2021-05-21,16.0,7,1,4.873398,1.9236329
2021-05-22,12.4,7,1,9.188195,2.303188
2021-05-23,11.1,7,1,7.55369,2.5677588
2021-05-24,30.4,7,1,7.1856136,4.009985
2021-05-25,11.5,7,1,10.74547,3.4271579
2021-05-26,17.6,7,1,18.10866,2.4551644
2021-05-27,8.2,7,1,12.268818,6.323028
2021-05-28,1.1,7,1,4.938595,4.0191007
2021-05-29,0.9,7,1,4.41182,2.2636082
2021-05-30,1.4,7,1,4.58891,3.4187217
2021-05-31,0.2,7,1,2.851972,2.7307625
2021-06-01,0.1,7,1,1.9891732,1.7461829
2021-06-02,1.7,7,1,2.8521595,1.4731283
2021-06-03,0.9,7,1,3.424697,1.825777
2021-06-04,0.0,7,1,0.026627833,1.9112494
2021-06-05,0.0,7,1,0.0,1.0975044
2021-06-06,10.4,7,1,2.8031538,0.6544639
2021-06-07,5.5,7,1,5.8688664,1.5552452
2021-06-08,2.8,7,1,8.879152,1.8141432
2021-06-09,1.4,7,1,4.305513,2.3398955
2021-06-10,10.0,7,1,3.6258955,1.6017156
2021-06-11,2.5,7,1,8.708848,2.394451
2021-06-12,32.8,7,1,10.4815,3.1019258
2021-06-13,18.2,7,1,10.2374735,3.0815115
2021-06-14,0.2,7,1,3.1010838,3.3532434
2021-06-15,0.2,7,1,2.6239135,2.0954642
2021-06-16,0.3,7,1,2.8637407,2.6233656
2021-06-17,4.9,7,1,3.3456588,1.878649
2021-06-18,2.0,7,1,2.8446257,2.6103532
2021-01-01,0.0,8,1,0.0,0.356617
2021-01-02,0.0,8,1,0.0,0.115375824
2021-01-03,0.0,8,1,0.03586321,0.18383141
2021-01-04,0.0,8,1,0.018242836,0.22455867
2021-01-05,6.3,8,1,2.376964,0.1621765
2021-01-06,0.0,8,1,0.0,1.6516747
2021-01-07,0.0,8,1,0.07353784,0.35524938
2021-01-08,0.0,8,1,0.05437931,0.43658134
2021-01-09,0.0,8,1,0.021428159,0.24261072
2021-01-10,0.0,8,1,0.015898827,0.08326871
2021-01-11,0.0,8,1,0.017568212,0.14273277
2021-01-12,0.0,8,1,0.019232886,0.10272666
2021-01-13,0.0,8,1,0.0067067314,0.015038269
2021-01-14,0.0,8,1,0.03948719,0.057707246
2021-01-15,0.0,8,1,0.026876617,0.08436434
2021-01-16,0.0,8,1,0.056698456,0.2586142
2021-01-17,0.0,8,1,0.021015761,0.21950723
2021-01-18,0.0,8,1,0.012424704,0.14299789
2021-01-19,0.0,8,1,0.03683043,0.0031374937
2021-01-20,0.0,8,1,0.030974297,0.10799372
2021-01-21,0.0,8,1,0.039028216,0.061589178
2021-01-22,1.1,8,1,1.1905465,0.15093003
2021-01-23,9.7,8,1,2.1542878,1.4927297
2021-01-24,10.9,8,1,3.9598875,1.3582771
2021-01-25,0.8,8,1,3.3058043,1.9192483
2021-01-26,0.1,8,1,0.8362448,1.0985825
2021-01-27,0.0,8,1,0.044975065,0.39661315
2021-01-28,0.1,8,1,0.88176894,0.2924848
2021-01-29,0.1,8,1,0.5812701,0.53857994
2021-01-30,0.0,8,1,0.0014663057,0.13731405
2021-01-31,0.0,8,1,0.017765248,0.018559953
2021-02-01,0.0,8,1,0.056332238,0.07551231
2021-02-02,0.0,8,1,0.047331877,0.13849996
2021-02-03,0.0,8,1,0.025852041,0.1641898
2021-02-04,0.0,8,1,0.04119352,0.044337053
2021-02-05,0.0,8,1,0.089144394,0.07524144
2021-02-06,0.0,8,1,0.062105738,0.15804747
2021-02-07,0.2,8,1,0.70686984,0.16819327
2021-02-08,0.8,8,1,1.039969,0.6559261
2021-02-09,0.0,8,1,0.04391696,0.89041066
2021-02-10,14.9,8,1,2.1220758,0.24634127
2021-02-11,17.0,8,1,3.9859247,2.6080956
2021-02-12,0.7,8,1,3.3811707,2.386613
2021-02-13,0.1,8,1,1.3193698,1.273895
2021-02-14,0.0,8,1,0.06747403,0.729965
2021-02-15,0.0,8,1,0.04089357,0.29914212
2021-02-16,0.0,8,1,0.0730867,0.10052521
2021-02-17,0.0,8,1,0.09442723,0.10801697
2021-02-18,0.0,8,1,0.0,0.12670903
2021-02-19,0.0,8,1,0.0120973,0.0
2021-02-20,0.0,8,1,0.011750984,0.0
2021-02-21,0.0,8,1,0.015754718,0.0
2021-02-22,0.0,8,1,0.0,0.03151811
2021-02-23,0.0,8,1,0.0050220103,0.057795633
2021-02-24,0.0,8,1,0.02138801,0.14967732
2021-02-25,0.0,8,1,0.045391053,0.06869007
2021-02-26,0.0,8,1,0.062051337,0.20364064
2021-02-27,0.0,8,1,0.047796268,0.12399157
2021-02-28,0.0,8,1,0.0,0.15098506
2021-03-01,0.0,8,1,0.042945843,0.0770357
2021-03-02,1.6,8,1,0.97223306,0.11613491
2021-03-03,0.0,8,1,0.039036997,0.66217923
2021-03-04,0.0,8,1,0.027769508,0.21791378
2021-03-05,0.0,8,1,0.0,0.049209286
2021-03-06,0.0,8,1,0.0,0.0
2021-03-07,0.0,8,1,0.0,0.0
2021-03-08,0.0,8,1,0.0,0.044893946
2021-03-09,0.0,8,1,0.009343293,0.0
2021-03-10,0.0,8,1,0.00039771874,0.0073427013
2021-03-11,0.0,8,1,0.00024062004,0.017734623
2021-03-12,0.0,8,1,0.0,0.0127512505
2021-03-13,0.0,8,1,0.019238,0.044123065
2021-03-14,0.0,8,1,0.031720556,0.012691008
2021-03-15,0.0,8,1,0.0030737533,0.09277981
2021-03-16,0.0,8,1,0.0,0.03327507
2021-03-17,0.0,8,1,0.0,0.08054428
2021-03-18,0.0,8,1,0.0002375221,0.027020114
2021-03-19,0.0,8,1,0.06028792,0.04460936
2021-03-20,0.5,8,1,1.4273715,0.10647647
2021-03-21,0.8,8,1,0.9205284,1.1237745
2021-03-22,0.2,8,1,0.8767272,0.3679697
2021-03-23,0.7,8,1,0.53893065,0.14953068
2021-03-24,0.2,8,1,1.1387839,0.038768493
2021-03-25,3.1,8,1,1.377059,0.32751536
2021-03-26,6.3,8,1,1.8818469,0.88817716
2021-03-27,0.4,8,1,2.0873759,0.8665317
2021-03-28,0.0,8,1,0.25829256,0.39486787
2021-03-29,0.0,8,1,0.060555108,0.60698974
2021-03-30,0.1,8,1,1.0771568,0.17727046
2021-03-31,0.0,8,1,0.21825008,1.2218604
2021-04-01,0.0,8,1,0.24211955,0.14256828
2021-04-02,0.8,8,1,1.6822705,0.23576549
2021-04-03,2.6,8,1,4.596288,1.587054
2021-04-04,2.5,8,1,2.4397893,3.4417205
2021-04-05,0.7,8,1,1.9523938,0.6439246
2021-04-06,0.0,8,1,0.0012317515,0.6134732
2021-04-07,0.4,8,1,1.1189477,0.18475549
2021-04-08,7.8,8,1,1.993556,1.0245252
2021-04-09,6.5,8,1,6.744785,2.6778924
2021-04-10,2.6,8,1,4.6993785,2.5995212
2021-04-11,2.1,8,1,1.5127263,1.1961269
2021-04-12,0.4,8,1,2.3393707,0.7873647
2021-04-13,0.8,8,1,1.6178691,1.5413938
2021-04-14,0.7,8,1,2.9212332,1.2911522
2021-04-15,0.3,8,1,2.57705,1.5781605
2021-04-16,1.0,8,1,2.0437393,1.1814799
2021-04-17,3.6,8,1,3.2444754,1.4866407
2021-04-18,1.1,8,1,1.9392872,1.265028
2021-04-19,5.0,8,1,2.7019293,1.1449406
2021-04-20,1.2,8,1,3.0115075,1.4337268
2021-04-21,0.2,8,1,2.1255996,1.4431984
2021-04-22,3.6,8,1,2.2689567,1.6062915
2021-04-23,11.1,8,1,4.891374,1.4046602
2021-04-24,0.4,8,1,3.907452,2.0633066
2021-04-25,0.0,8,1,0.065680735,1.730401
2021-04-26,0.9,8,1,1.7174544,0.75722957
2021-04-27,13.2,8,1,4.2647367,1.8518302
2021-04-28,2.8,8,1,4.416322,1.8554375
2021-04-29,6.2,8,1,3.971012,2.042114
2021-04-30,1.2,8,1,3.0252805,2.3900943
2021-05-01,7.2,8,1,3.1779075,1.6930656
2021-05-02,7.7,8,1,3.0992274,2.432007
2021-05-03,0.0,8,1,0.0,2.5334141
2021-05-04,0.1,8,1,1.7175384,1.1061485
2021-05-05,0.7,8,1,1.4186938,2.506911
2021-05-06,2.1,8,1,1.7814901,1.527468
2021-05-07,4.4,8,1,5.9287114,1.4441535
2021-05-08,0.5,8,1,2.9469647,2.939629
2021-05-09,1.7,8,1,3.079957,1.8261168
2021-05-10,2.6,8,1,3.1548076,2.8212013
2021-05-11,0.0,8,1,0.0,2.0816734
2021-05-12,0.5,8,1,2.2110481,0.9559542
2021-05-13,1.0,8,1,2.5490446,2.5227761
2021-05-14,6.0,8,1,5.170144,2.0561564
2021-05-15,11.4,8,1,4.986288,2.5750155
2021-05-16,2.7,8,1,3.9944081,2.2882802
2021-05-17,7.5,8,1,6.2574444,2.3010354
2021-05-18,23.2,8,1,5.3611608,3.3813648
2021-05-19,3.8,8,1,3.6065187,2.611117
2021-05-20,10.2,8,1,5.467235,2.8706887
2021-05-21,15.3,8,1,6.475101,3.648727
2021-05-22,5.9,8,1,7.3317957,3.521237
2021-05-23,20.3,8,1,3.6198921,3.6307979
2021-05-24,7.2,8,1,6.7657914,2.4214494
2021-05-25,14.8,8,1,6.14212,4.1874743
2021-05-26,107.8,8,1,19.4524,4.0502987
2021-05-27,3.8,8,1,29.40879,4.6512485
2021-05-28,4.8,8,1,3.8261337,5.9113784
2021-05-29,0.4,8,1,5.3336015,2.3043032
2021-05-30,1.0,8,1,3.240653,1.6491978
2021-05-31,1.6,8,1,3.6347303,1.3572578
2021-06-01,0.0,8,1,0.1609511,1.3593335
2021-06-02,0.8,8,1,4.0890775,0.72503006
2021-06-03,3.0,8,1,3.2280102,1.5723515
2021-06-04,0.0,8,1,0.0,1.2116904
2021-06-05,1.7,8,1,3.8127093,0.42762274
2021-06-06,0.0,8,1,0.06665584,2.3721275
2021-06-07,0.9,8,1,3.6027422,0.31117773
2021-06-08,5.0,8,1,3.6885777,2.061605
2021-06-09,0.1,8,1,2.53207,1.0883648
2021-06-10,3.7,8,1,3.6283817,0.51108944
2021-06-11,5.7,8,1,7.6151457,1.2753196
2021-06-12,22.9,8,1,8.277481,2.490863
2021-06-13,3.7,8,1,5.10853,1.6228147
2021-06-14,3.7,8,1,3.4607654,0.84187603
2021-06-15,0.0,8,1,0.0,1.6001527
2021-06-16,0.5,8,1,2.139169,0.4532978
2021-06-17,0.9,8,1,3.3516908,1.9210298
2021-06-18,0.4,8,1,2.1199965,1.8309848
2021-01-01,0.0,9,2,0.0,0.53230643
2021-01-02,0.0,9,2,0.0,0.26080233
2021-01-03,0.2,9,2,0.53238285,0.360659
2021-01-04,3.1,9,2,0.7832533,0.806553
2021-01-05,0.7,9,2,1.9519124,0.95914745
2021-01-06,0.1,9,2,0.7224878,2.0060697
2021-01-07,0.0,9,2,0.0,0.8788805
2021-01-08,0.0,9,2,0.0,0.37447634
2021-01-09,0.0,9,2,0.0,0.37840432
2021-01-10,0.0,9,2,0.0,0.29219258
2021-01-11,0.0,9,2,0.0,0.3131206
2021-01-12,0.0,9,2,0.0,0.16893463
2021-01-13,0.0,9,2,0.0,0.14547382
2021-01-14,0.0,9,2,0.016803319,0.16755883
2021-01-15,0.0,9,2,0.11297523,0.104802325
2021-01-16,0.1,9,2,0.43245274,0.107967496
2021-01-17,0.0,9,2,0.0,0.41346544
2021-01-18,0.0,9,2,0.0,0.14588594
2021-01-19,0.0,9,2,0.034990437,0.22935797
2021-01-20,0.5,9,2,0.9916252,0.40149644
2021-01-21,5.0,9,2,2.3977,0.5872468
2021-01-22,9.2,9,2,3.2750416,1.6385076
2021-01-23,6.7,9,2,5.030858,1.0824113
2021-01-24,2.4,9,2,3.511519,1.7047105
2021-01-25,0.0,9,2,0.0,0.7472632
2021-01-26,0.1,9,2,0.22089167,0.12383481
2021-01-27,8.0,9,2,1.1033747,0.14009191
2021-01-28,0.0,9,2,0.0,1.4811895
2021-01-29,0.0,9,2,0.0,0.17131928
2021-01-30,0.0,9,2,0.0,0.14572148
2021-01-31,0.0,9,2,0.009703485,0.05795378
2021-02-01,0.1,9,2,0.8661382,0.22326241
2021-02-02,0.0,9,2,0.003604238,0.43890923
2021-02-03,0.0,9,2,0.0,0.041947257
2021-02-04,0.0,9,2,0.0,0.13922682
2021-02-05,0.4,9,2,0.79230547,0.08172026
2021-02-06,0.1,9,2,0.65218365,0.8005961
2021-02-07,4.0,9,2,0.71567917,0.28840196
2021-02-08,0.0,9,2,0.0,0.86064744
2021-02-09,2.4,9,2,0.7884482,0.15485705
2021-02-10,12.4,9,2,5.52384,0.70542336
2021-02-11,6.4,9,2,8.659194,3.4780412
2021-02-12,2.3,9,2,4.2072535,2.3738742
2021-02-13,0.0,9,2,0.021700488,0.6870507
2021-02-14,0.0,9,2,0.03317526,0.13121897
2021-02-15,0.0,9,2,0.021397341,0.11829766
2021-02-16,0.0,9,2,0.034099612,0.09247599
2021-02-17,0.0,9,2,0.0,0.08089322
2021-02-18,0.2,9,2,0.37436405,0.00409749
2021-02-19,0.0,9,2,0.0,0.5619105
2021-02-20,0.0,9,2,0.0,0.14575228
2021-02-21,0.0,9,2,0.021115683,0.14408703
2021-02-22,0.0,9,2,0.06682779,0.012521648
2021-02-23,0.0,9,2,0.033206604,0.03679687
2021-02-24,0.0,9,2,0.15508169,0.0
2021-02-25,0.0,9,2,0.06363064,0.07864831
2021-02-26,0.7,9,2,0.60279834,0.26318434
2021-02-27,0.1,9,2,0.664891,0.8376118
2021-02-28,6.6,9,2,0.57138073,0.521052
2021-03-01,11.3,9,2,5.6997504,0.45231453
2021-03-02,1.4,9,2,2.3648975,2.169263
2021-03-03,0.2,9,2,0.57866955,0.5646746
2021-03-04,0.0,9,2,0.057571728,0.40119094
2021-03-05,0.0,9,2,0.029633299,0.19588505
2021-03-06,0.0,9,2,0.025375472,0.0
2021-03-07,0.0,9,2,0.030573418,0.07489739
2021-03-08,0.0,9,2,0.02893167,0.050767127
2021-03-09,0.0,9,2,0.019675456,0.19711705
2021-03-10,0.0,9,2,0.030066332,0.05985191
2021-03-11,0.5,9,2,0.62493455,0.10374427
2021-03-12,0.0,9,2,0.0,0.7062285
2021-03-13,0.0,9,2,0.03021847,0.05998786
2021-03-14,0.2,9,2,0.3720425,0.14318606
2021-03-15,0.1,9,2,0.3994727,0.31800413
2021-03-16,0.0,9,2,0.07008875,0.3105178
2021-03-17,0.0,9,2,0.030769326,0.21134546
2021-03-18,0.0,9,2,0.04767818,0.08923838
2021-03-19,2.6,9,2,0.7825844,0.30917302
2021-03-20,14.0,9,2,2.1661515,1.218411
2021-03-21,0.2,9,2,2.476491,5.3795414
2021-03-22,0.0,9,2,0.013083621,0.48429605
2021-03-23,0.5,9,2,0.7097384,0.26965675
2021-03-24,13.2,9,2,1.2014849,1.6890881
2021-03-25,3.9,9,2,4.078959,3.592609
2021-03-26,0.5,9,2,2.9594083,2.3672569
2021-03-27,1.6,9,2,1.3434355,3.3412027
2021-03-28,0.5,9,2,1.8999429,1.6964498
2021-03-29,0.0,9,2,0.18556249,3.3399143
2021-03-30,0.0,9,2,0.1614296,0.28068197
2021-03-31,0.0,9,2,0.30972472,0.5129043
2021-04-01,0.2,9,2,2.4105465,0.51391625
2021-04-02,13.3,9,2,5.017093,2.8052104
2021-04-03,0.9,9,2,5.885078,4.362163
2021-04-04,1.4,9,2,0.92707825,2.1120007
2021-04-05,0.4,9,2,1.6812212,0.39816386
2021-04-06,0.0,9,2,0.030580433,0.97139347
2021-04-07,0.8,9,2,0.410371,0.1529686
2021-04-08,8.6,9,2,3.472014,0.38337788
2021-04-09,1.6,9,2,2.9137113,10.18053
2021-04-10,0.0,9,2,0.03565504,1.708621
2021-04-11,2.2,9,2,1.0131013,0.52906847
2021-04-12,4.6,9,2,2.5462503,0.55546427
2021-04-13,2.1,9,2,2.8525705,3.9554753
2021-04-14,1.7,9,2,2.7911513,1.5990677
2021-04-15,5.0,9,2,4.8848433,4.68907
2021-04-16,7.6,9,2,6.344422,7.3482704
2021-04-17,0.2,9,2,2.1087167,5.1143155
2021-04-18,3.7,9,2,2.3904135,0.8253962
2021-04-19,27.2,9,2,5.4337816,4.7067876
2021-04-20,23.8,9,2,20.759516,3.810854
2021-04-21,33.7,9,2,24.269642,7.3513794
2021-04-22,28.7,9,2,15.017588,10.333373
2021-04-23,38.7,9,2,30.801195,10.237316
2021-04-24,8.5,9,2,15.810322,18.57329
2021-04-25,8.7,9,2,12.528987,13.061519
2021-04-26,6.6,9,2,6.444222,13.767345
2021-04-27,3.6,9,2,4.211001,7.434226
2021-04-28,0.2,9,2,3.2319736,5.93547
2021-04-29,2.8,9,2,1.698986,2.7549534
2021-04-30,0.4,9,2,1.7641816,3.6947794
2021-05-01,8.3,9,2,4.067248,0.7493299
2021-05-02,3.5,9,2,4.7503552,7.091591
2021-05-03,0.9,9,2,1.770844,4.8678055
2021-05-04,1.6,9,2,1.6321585,1.8320942
2021-05-05,0.6,9,2,1.1314735,3.1378703
2021-05-06,0.1,9,2,1.2717421,2.1338785
2021-05-07,0.0,9,2,0.07865467,2.9693294
2021-05-08,3.2,9,2,1.2040212,0.56494045
2021-05-09,2.4,9,2,3.178388,2.1458986
2021-05-10,1.1,9,2,2.4666514,7.1033115
2021-05-11,4.0,9,2,3.6269693,5.618814
2021-05-12,6.0,9,2,4.857466,6.202336
2021-05-13,3.3,9,2,6.781913,6.248186
2021-05-14,11.5,9,2,7.3058558,8.599963
2021-05-15,4.8,9,2,11.210378,7.6827707
2021-05-16,4.5,9,2,4.452873,7.1154547
2021-05-17,13.9,9,2,7.7165384,5.336662
2021-05-18,10.7,9,2,9.3426695,8.202711
2021-05-19,21.2,9,2,12.140134,7.414814
2021-05-20,10.3,9,2,11.860745,9.989961
2021-05-21,58.8,9,2,13.3623905,11.355838
2021-05-22,21.5,9,2,21.32794,11.037274
2021-05-23,30.7,9,2,22.419495,17.217764
2021-05-24,24.6,9,2,24.136509,14.564489
2021-05-25,64.3,9,2,58.364044,14.284348
2021-05-26,29.6,9,2,23.883757,14.410609
2021-05-27,10.0,9,2,20.969532,17.101751
2021-05-28,5.7,9,2,8.791936,15.184231
2021-05-29,10.7,9,2,8.968298,9.531684
2021-05-30,11.9,9,2,7.5363464,10.023779
2021-05-31,7.5,9,2,11.22141,12.411608
2021-06-01,10.3,9,2,13.051585,13.977787
2021-06-02,14.7,9,2,10.328321,12.771697
2021-06-03,34.6,9,2,8.716898,9.218308
2021-06-04,14.5,9,2,16.759205,9.419518
2021-06-05,12.8,9,2,10.807934,19.347889
2021-06-06,8.4,9,2,6.421254,11.100027
2021-06-07,10.2,9,2,5.9457645,12.626487
2021-06-08,9.0,9,2,10.582147,8.968352
2021-06-09,1.4,9,2,8.450526,8.979413
2021-06-10,5.1,9,2,4.4203796,6.1215324
2021-06-11,5.9,9,2,6.5700865,7.3485584
2021-06-12,3.4,9,2,16.794353,5.3444276
2021-06-13,2.1,9,2,2.9408066,5.559346
2021-06-14,0.4,9,2,1.7378278,4.092139
2021-06-15,2.0,9,2,2.0759902,3.0482602
2021-06-16,14.1,9,2,13.160011,4.9415803
2021-06-17,23.8,9,2,10.016278,8.5764265
2021-06-18,8.1,9,2,9.643661,8.476981
2021-01-01,0.0,10,0,0.0,0.0
2021-01-02,0.0,10,0,0.0,0.0
2021-01-03,0.0,10,0,0.0,0.0
2021-01-04,0.0,10,0,0.0,0.023662087
2021-01-05,0.0,10,0,0.0,0.0
2021-01-06,0.0,10,0,0.0,0.027815973
2021-01-07,0.1,10,0,0.500587,0.0
2021-01-08,0.1,10,0,1.7744668,0.23097405
2021-01-09,0.0,10,0,0.0,0.022514304
2021-01-10,0.0,10,0,0.0,0.016570704
2021-01-11,0.0,10,0,0.0018169236,0.0
2021-01-12,0.0,10,0,0.0048113326,0.0
2021-01-13,0.0,10,0,0.0005917046,0.0
2021-01-14,0.0,10,0,0.0,0.0
2021-01-15,0.0,10,0,0.0,0.0
2021-01-16,0.0,10,0,0.010000408,0.025436107
2021-01-17,0.0,10,0,0.20007077,0.17147344
2021-01-18,0.0,10,0,0.026319236,0.0
2021-01-19,0.0,10,0,0.0,0.0
2021-01-20,0.0,10,0,0.0,0.0
2021-01-21,0.0,10,0,0.0,0.032138783
2021-01-22,0.0,10,0,0.0,0.0950762
2021-01-23,0.0,10,0,0.0,0.029083544
2021-01-24,0.0,10,0,0.0,0.0048208446
2021-01-25,0.8,10,0,1.1489034,0.081585765
2021-01-26,0.2,10,0,0.5270158,0.6175238
2021-01-27,0.1,10,0,0.7029849,0.3099795
2021-01-28,4.0,10,0,1.3590839,0.6948695
2021-01-29,0.0,10,0,0.0,0.30681536
2021-01-30,0.9,10,0,0.68890965,0.00449269
2021-01-31,0.5,10,0,0.9603658,1.5417931
2021-02-01,0.0,10,0,0.0,0.6840552
2021-02-02,0.0,10,0,0.0,0.33158827
2021-02-03,0.1,10,0,0.31734243,0.10808342
2021-02-04,0.1,10,0,0.2802649,0.26930377
2021-02-05,0.1,10,0,0.3661611,0.2523494
2021-02-06,0.0,10,0,0.0,0.37689465
2021-02-07,0.0,10,0,0.0,0.11014851
2021-02-08,1.8,10,0,0.6327325,0.07165318
2021-02-09,23.7,10,0,6.9735928,0.66660786
2021-02-10,0.0,10,0,0.0,1.7065792
2021-02-11,0.0,10,0,0.0,0.13677253
2021-02-12,0.0,10,0,0.0,0.14027157
2021-02-13,0.0,10,0,0.0,0.14005712
2021-02-14,0.0,10,0,0.0,0.04831637
2021-02-15,0.0,10,0,0.0,0.14533147
2021-02-16,0.4,10,0,0.7992593,0.057464547
2021-02-17,0.9,10,0,0.9823537,0.7988199
2021-02-18,0.0,10,0,0.0,0.28052288
2021-02-19,0.1,10,0,0.17384999,0.14280838
2021-02-20,0.0,10,0,0.0,0.24073976
2021-02-21,0.0,10,0,0.0005648642,0.02938267
2021-02-22,0.0,10,0,0.0,0.018533971
2021-02-23,0.0,10,0,0.0,0.2264322
2021-02-24,0.0,10,0,0.0,0.11638228
2021-02-25,0.2,10,0,0.7926315,0.14083327
2021-02-26,0.4,10,0,1.1550205,0.9124191
2021-02-27,2.9,10,0,1.8953226,0.80829513
2021-02-28,0.4,10,0,1.4257741,1.2803493
2021-03-01,1.3,10,0,1.2614572,1.6792214
2021-03-02,0.7,10,0,0.48646423,2.318102
2021-03-03,0.4,10,0,1.3457551,0.16629544
2021-03-04,4.5,10,0,0.76988864,1.2355247
2021-03-05,0.5,10,0,1.9957266,1.2713125
2021-03-06,0.5,10,0,1.2093599,1.6507363
2021-03-07,6.8,10,0,1.4738002,0.8703215
2021-03-08,0.2,10,0,2.506742,0.97556734
2021-03-09,1.2,10,0,1.3714452,0.9716295
2021-03-10,1.1,10,0,1.3210435,2.1660175
2021-03-11,0.3,10,0,0.92025304,0.95571756
2021-03-12,0.2,10,0,0.44609568,0.32735598
2021-03-13,0.5,10,0,0.5112903,0.41820413
2021-03-14,0.0,10,0,0.0024179288,0.47507074
2021-03-15,0.5,10,0,0.63518095,0.17399263
2021-03-16,0.3,10,0,0.77489114,1.1994212
2021-03-17,0.2,10,0,0.80284894,0.6321732
2021-03-18,0.0,10,0,0.031611726,0.5481374
2021-03-19,0.1,10,0,0.74448967,0.3991594
2021-03-20,0.7,10,0,0.93578994,0.9750974
2021-03-21,4.2,10,0,4.9812846,0.9973055
2021-03-22,1.4,10,0,3.8289294,1.3236957
2021-03-23,0.0,10,0,0.0,0.30419675
2021-03-24,0.0,10,0,0.0,0.13490859
2021-03-25,0.1,10,0,0.43914688,0.46794543
2021-03-26,0.2,10,0,0.79515636,0.47655907
2021-03-27,0.5,10,0,0.77363837,0.7292502
2021-03-28,0.6,10,0,0.86022913,0.68668735
2021-03-29,0.4,10,0,0.9105017,0.6749964
2021-03-30,0.0,10,0,0.046203025,0.60639405
2021-03-31,0.0,10,0,0.0011410163,0.42076215
2021-04-01,0.0,10,0,0.07220159,0.28905672
2021-04-02,0.7,10,0,2.2000475,0.46727514
2021-04-03,0.3,10,0,1.6977677,1.2312193
2021-04-04,1.6,10,0,1.41101,1.1712554
2021-04-05,8.5,10,0,1.8711524,0.71058655
2021-04-06,0.4,10,0,2.4021015,0.8732501
2021-04-07,4.5,10,0,0.9209752,0.7927662
2021-04-08,16.6,10,0,2.2005563,0.916039
2021-04-09,13.6,10,0,5.437356,0.93226135
2021-04-10,6.8,10,0,4.2979693,1.3041253
2021-04-11,0.5,10,0,2.9941063,2.063237
2021-04-12,0.4,10,0,1.0351584,0.9809053
2021-04-13,0.9,10,0,1.0418324,0.55139065
2021-04-14,0.3,10,0,1.3049335,0.5766804
2021-04-15,1.1,10,0,1.0094104,0.5563524
2021-04-16,6.8,10,0,4.7568274,0.58246434
2021-04-17,4.2,10,0,3.1475172,0.9086858
2021-04-18,9.8,10,0,8.049933,1.1019976
2021-04-19,10.1,10,0,3.3513446,2.2897656
2021-04-20,6.4,10,0,4.0303707,1.1217558
2021-04-21,3.5,10,0,4.495961,1.4683092
2021-04-22,0.5,10,0,3.7930593,1.2692351
2021-04-23,0.8,10,0,1.8527348,1.1030984
2021-04-24,2.5,10,0,2.571931,1.6686738
2021-04-25,17.0,10,0,5.763567,1.6481533
2021-04-26,33.5,10,0,9.616105,2.0327609
2021-04-27,15.1,10,0,17.039402,2.6459627
2021-04-28,14.4,10,0,11.112993,4.2504177
2021-04-29,1.2,10,0,2.6031518,3.688138
2021-04-30,0.0,10,0,0.0,0.67724645
2021-05-01,7.6,10,0,2.1484954,0.4173518
2021-05-02,4.5,10,0,4.6359787,1.8537147
2021-05-03,13.6,10,0,6.2234797,1.1281042
2021-05-04,2.2,10,0,7.9021463,1.2995241
2021-05-05,14.0,10,0,13.194183,2.2817338
2021-05-06,41.2,10,0,9.116073,2.1156685
2021-05-07,0.1,10,0,6.6943393,3.6182542
2021-05-08,3.1,10,0,3.467403,2.8168917
2021-05-09,0.5,10,0,3.1177244,4.4299345
2021-05-10,0.2,10,0,2.9120064,2.1699235
2021-05-11,0.0,10,0,0.0038339866,2.4156528
2021-05-12,6.7,10,0,2.6788743,0.869347
2021-05-13,11.1,10,0,4.33724,2.773947
2021-05-14,35.1,10,0,4.715842,3.075232
2021-05-15,0.8,10,0,14.3070345,1.8209736
2021-05-16,4.7,10,0,5.9036293,4.503104
2021-05-17,6.4,10,0,11.083352,2.7954652
2021-05-18,0.8,10,0,4.124999,2.7680686
2021-05-19,1.2,10,0,5.559433,2.1578612
2021-05-20,0.3,10,0,4.967304,3.476758
2021-05-21,2.7,10,0,7.464018,2.9459627
2021-05-22,2.7,10,0,8.631187,3.1222835
2021-05-23,2.2,10,0,7.7504663,2.9394493
2021-05-24,6.0,10,0,7.4582844,2.538286
2021-05-25,12.4,10,0,6.025647,2.430389
2021-05-26,0.4,10,0,5.7256727,2.4510188
2021-05-27,0.5,10,0,3.2204318,1.9479778
2021-05-28,0.0,10,0,0.01638324,1.5227077
2021-05-29,0.0,10,0,0.0,1.0150619
2021-05-30,4.1,10,0,5.5513434,0.87107646
2021-05-31,2.0,10,0,2.64387,2.5052104
2021-06-01,0.8,10,0,3.2759242,1.0916264
2021-06-02,6.5,10,0,6.746929,2.340628
2021-06-03,5.0,10,0,4.012443,2.3114858
2021-06-04,7.3,10,0,2.9774241,2.1397748
2021-06-05,3.1,10,0,2.4949846,0.825022
2021-06-06,2.3,10,0,2.2634647,1.3936253
2021-06-07,27.7,10,0,8.745811,2.0519536
2021-06-08,9.8,10,0,7.497323,4.4728575
2021-06-09,9.0,10,0,12.542641,2.5221446
2021-06-10,12.7,10,0,8.225134,6.448041
2021-06-11,41.8,10,0,13.1138315,4.9589853
2021-06-12,12.4,10,0,9.450832,4.140819
2021-06-13,6.4,10,0,13.45735,6.754082
2021-06-14,0.5,10,0,2.6487837,9.161435
2021-06-15,0.0,10,0,0.0,2.0706832
2021-06-16,0.0,10,0,0.13981058,1.6491334
2021-06-17,0.0,10,0,0.1905166,0.75206757
2021-06-18,0.0,10,0,0.0,0.6072062
2021-01-01,0.0,11,0,0.018981794,0.0
2021-01-02,0.0,11,0,0.018639334,0.0
2021-01-03,0.2,11,0,0.19505547,0.0
2021-01-04,0.0,11,0,0.0063935057,0.17229356
2021-01-05,0.1,11,0,0.20702577,0.017212335
2021-01-06,0.0,11,0,0.0,0.21949537
2021-01-07,0.9,11,0,0.53519666,0.18910612
2021-01-08,0.1,11,0,1.1995952,0.2705695
2021-01-09,0.0,11,0,0.0,0.0814406
2021-01-10,0.0,11,0,0.014391779,0.030617524
2021-01-11,0.0,11,0,0.08502167,0.041016348
2021-01-12,0.0,11,0,0.02705853,0.0
2021-01-13,0.0,11,0,0.023890182,0.0053316136
2021-01-14,0.0,11,0,0.0046551917,0.03793161
2021-01-15,0.0,11,0,0.0,0.0
2021-01-16,0.1,11,0,0.2719902,0.083190136
2021-01-17,2.7,11,0,0.6913879,0.19866285
2021-01-18,0.0,11,0,0.022768721,0.08186212
2021-01-19,0.0,11,0,0.008290492,0.0
2021-01-20,0.1,11,0,0.25952697,0.081833795
2021-01-21,0.2,11,0,0.7126627,0.37697685
2021-01-22,0.0,11,0,0.012856113,0.6188189
2021-01-23,0.0,11,0,0.0,0.24403322
2021-01-24,0.0,11,0,0.0,0.098642424
2021-01-25,0.1,11,0,1.0866513,0.28189373
2021-01-26,0.9,11,0,0.5510756,0.7643864
2021-01-27,0.0,11,0,0.0,0.37687662
2021-01-28,0.2,11,0,0.80767727,0.22733657
2021-01-29,0.0,11,0,0.0,0.19375373
2021-01-30,0.6,11,0,0.76018584,0.073868304
2021-01-31,1.3,11,0,0.94535756,2.306552
2021-02-01,0.1,11,0,0.64969647,1.1302674
2021-02-02,0.0,11,0,0.0,0.34782785
2021-02-03,0.0,11,0,0.0,0.11888792
2021-02-04,0.0,11,0,0.0028519642,0.14366207
2021-02-05,0.0,11,0,0.0,0.24197628
2021-02-06,0.0,11,0,0.0,0.095114045
2021-02-07,0.0,11,0,0.0,0.11438119
2021-02-08,1.2,11,0,0.5596372,0.10764415
2021-02-09,38.4,11,0,3.1092644,0.4790969
2021-02-10,0.1,11,0,1.2789109,1.9215157
2021-02-11,0.1,11,0,0.3091368,0.40840897
2021-02-12,0.0,11,0,0.0075326147,0.21918328
2021-02-13,0.0,11,0,0.0,0.11148111
2021-02-14,0.0,11,0,0.0,0.07532585
2021-02-15,0.0,11,0,0.0,0.16613513
2021-02-16,0.2,11,0,0.49802384,0.071009
2021-02-17,1.0,11,0,1.0676491,0.9671229
2021-02-18,0.0,11,0,0.0012496506,0.37034768
2021-02-19,0.0,11,0,0.0,0.19675541
2021-02-20,0.0,11,0,0.0,0.08014562
2021-02-21,0.0,11,0,0.0039110756,0.03171229
2021-02-22,0.0,11,0,0.0,0.05427226
2021-02-23,0.0,11,0,0.0,0.22389217
2021-02-24,0.0,11,0,0.0,0.03967161
2021-02-25,0.6,11,0,1.129334,0.2691871
2021-02-26,0.0,11,0,0.14163126,1.5401032
2021-02-27,0.3,11,0,1.2867706,0.49056697
2021-02-28,1.6,11,0,1.0329895,0.94310296
2021-03-01,0.4,11,0,1.9039562,1.3086867
2021-03-02,2.2,11,0,0.9624195,1.5881791
2021-03-03,2.4,11,0,1.883349,0.33335137
2021-03-04,4.0,11,0,2.1211717,3.055193
2021-03-05,0.6,11,0,2.8886795,2.168693
2021-03-06,2.3,11,0,1.768836,1.4273059
2021-03-07,2.8,11,0,1.6683004,0.93256044
2021-03-08,3.1,11,0,2.4029891,0.60495055
2021-03-09,1.3,11,0,1.8502727,2.0617383
2021-03-10,2.2,11,0,1.0148537,1.0991871
2021-03-11,1.1,11,0,1.4726274,0.5565549
2021-03-12,1.2,11,0,0.8757671,0.9115876
2021-03-13,0.1,11,0,0.66279435,0.46981397
2021-03-14,0.0,11,0,0.0,0.34928063
2021-03-15,0.6,11,0,0.6068951,0.30806348
2021-03-16,0.4,11,0,0.6638111,1.057903
2021-03-17,0.0,11,0,0.038319457,0.71243906
2021-03-18,0.0,11,0,0.053842362,0.57312846
2021-03-19,0.4,11,0,0.9175035,0.7541801
2021-03-20,0.7,11,0,0.92683065,1.1419287
2021-03-21,0.6,11,0,2.7838202,0.85314775
2021-03-22,1.0,11,0,3.8059072,0.6807823
2021-03-23,0.0,11,0,0.040468276,0.3255597
2021-03-24,0.0,11,0,0.0,0.29491162
2021-03-25,0.8,11,0,0.55116796,0.41862935
2021-03-26,0.1,11,0,0.9189768,0.5318476
2021-03-27,0.5,11,0,0.6780982,0.60931504
2021-03-28,1.2,11,0,0.8550359,0.59766245
2021-03-29,0.2,11,0,1.0470304,0.6781671
2021-03-30,0.4,11,0,0.5597329,0.7778119
2021-03-31,0.1,11,0,0.6537299,0.65976775
2021-04-01,0.1,11,0,1.1839545,0.5672574
2021-04-02,1.0,11,0,2.4752183,1.0986297
2021-04-03,5.1,11,0,1.9939163,1.3291862
2021-04-04,1.0,11,0,2.830075,0.89696
2021-04-05,1.9,11,0,2.3368745,1.0297165
2021-04-06,1.8,11,0,1.6254382,0.8411156
2021-04-07,4.1,11,0,1.6344092,0.77465963
2021-04-08,4.7,11,0,1.975745,0.99635184
2021-04-09,2.5,11,0,5.5121527,0.8809502
2021-04-10,1.5,11,0,2.8729146,1.2489634
2021-04-11,3.3,11,0,1.8255386,1.8382363
2021-04-12,1.1,11,0,1.6758757,0.80124557
2021-04-13,0.2,11,0,0.9566524,0.7185812
2021-04-14,1.1,11,0,0.9666567,0.48798007
2021-04-15,1.8,11,0,1.4282575,0.90877354
2021-04-16,1.1,11,0,1.8884029,0.80533934
2021-04-17,46.5,11,0,4.0798893,0.6786244
2021-04-18,5.1,11,0,8.353677,1.3571346
2021-04-19,31.2,11,0,5.8484206,5.397296
2021-04-20,0.9,11,0,7.499238,2.1303818
2021-04-21,5.2,11,0,2.9793544,1.7529771
2021-04-22,2.4,11,0,6.3796425,2.3432293
2021-04-23,1.4,11,0,3.6658216,1.931675
2021-04-24,2.4,11,0,5.136496,1.6412961
2021-04-25,6.7,11,0,6.425415,1.744847
2021-04-26,18.8,11,0,11.112603,1.107264
2021-04-27,12.5,11,0,15.411842,2.158952
2021-04-28,5.6,11,0,8.831636,3.0429583
2021-04-29,4.3,11,0,3.4875302,1.859448
2021-04-30,0.0,11,0,0.0,0.8352032
2021-05-01,2.5,11,0,2.2563493,0.42348173
2021-05-02,13.5,11,0,4.683292,1.3835917
2021-05-03,22.7,11,0,7.5358114,1.1611824
2021-05-04,1.6,11,0,15.448336,1.2571137
2021-05-05,117.7,11,0,9.998417,3.1349688
2021-05-06,11.7,11,0,11.3337965,2.2321508
2021-05-07,1.2,11,0,8.49961,4.448299
2021-05-08,0.1,11,0,2.8498306,1.2467027
2021-05-09,0.5,11,0,5.0167813,1.3325138
2021-05-10,1.3,11,0,5.937867,2.880701
2021-05-11,0.5,11,0,6.0848813,3.0397954
2021-05-12,0.0,11,0,0.20063528,2.8909957
2021-05-13,3.8,11,0,4.5771914,1.1573937
2021-05-14,8.6,11,0,7.5149,3.7663074
2021-05-15,0.9,11,0,12.314324,3.3614292
2021-05-16,1.3,11,0,10.289996,4.4895234
2021-05-17,1.0,11,0,5.7809057,4.4501486
2021-05-18,9.7,11,0,7.3178406,2.3843203
2021-05-19,6.6,11,0,16.08807,4.3424892
2021-05-20,2.6,11,0,10.800642,7.107808
2021-05-21,0.6,11,0,10.880224,4.4392033
2021-05-22,0.1,11,0,6.6891184,5.2050176
2021-05-23,2.9,11,0,5.120194,4.1119537
2021-05-24,3.3,11,0,4.750826,2.5058188
2021-05-25,18.4,11,0,8.947679,1.7697706
2021-05-26,2.9,11,0,10.608404,5.9395895
2021-05-27,8.1,11,0,6.3284273,5.5885925
2021-05-28,2.4,11,0,6.56596,3.7423215
2021-05-29,1.2,11,0,5.8328695,2.8509564
2021-05-30,1.5,11,0,5.898662,3.9742608
2021-05-31,3.7,11,0,7.109558,5.588333
2021-06-01,3.4,11,0,10.574304,5.20994
2021-06-02,2.7,11,0,10.024428,7.808817
2021-06-03,5.5,11,0,6.322054,4.4560256
2021-06-04,23.6,11,0,3.768415,3.3271155
2021-06-05,10.3,11,0,6.827752,1.2525096
2021-06-06,0.0,11,0,0.0,2.6799026
2021-06-07,18.1,11,0,7.5187845,1.0842769
2021-06-08,8.7,11,0,6.963586,8.187107
2021-06-09,25.5,11,0,8.681625,3.9022427
2021-06-10,23.8,11,0,12.190956,9.955647
2021-06-11,21.4,11,0,9.065244,12.354127
2021-06-12,11.4,11,0,10.517938,10.702772
2021-06-13,30.1,11,0,34.930622,11.989378
2021-06-14,10.4,11,0,16.55246,20.1105
2021-06-15,0.1,11,0,2.5220358,3.6832638
2021-06-16,3.4,11,0,4.8620815,2.0391638
2021-06-17,1.5,11,0,7.996743,6.845567
2021-06-18,0.1,11,0,3.1244974,8.737998
2021-01-01,0.0,12,0,0.0,0.0
2021-01-02,0.0,12,0,0.0,0.0
2021-01-03,0.0,12,0,0.0,0.0
2021-01-04,0.0,12,0,0.0,0.07961402
2021-01-05,0.0,12,0,0.0,0.004276573
2021-01-06,0.0,12,0,0.0,0.07082331
2021-01-07,0.4,12,0,0.6936374,0.04984098
2021-01-08,0.0,12,0,0.37071523,0.19807564
2021-01-09,0.0,12,0,0.0,0.017486181
2021-01-10,0.0,12,0,0.0,0.004428149
2021-01-11,0.0,12,0,0.08238439,0.012307184
2021-01-12,0.0,12,0,0.0077138836,0.0
2021-01-13,0.0,12,0,0.008876031,0.0
2021-01-14,0.0,12,0,0.0,0.018619455
2021-01-15,0.0,12,0,0.0,0.0
2021-01-16,0.1,12,0,0.19462818,0.06315286
2021-01-17,0.9,12,0,0.61979747,0.14711373
2021-01-18,0.0,12,0,0.0125749,0.057701193
2021-01-19,0.0,12,0,0.0,0.0
2021-01-20,0.1,12,0,0.24934219,0.07233635
2021-01-21,0.1,12,0,0.6697053,0.36789176
2021-01-22,0.0,12,0,0.0,0.6061423
2021-01-23,0.0,12,0,0.0,0.2643579
2021-01-24,0.0,12,0,0.0,0.08637085
2021-01-25,0.1,12,0,0.9658551,0.24800405
2021-01-26,0.7,12,0,0.48002523,0.76356256
2021-01-27,0.0,12,0,0.0,0.39177942
2021-01-28,0.0,12,0,0.09047311,0.19393675
2021-01-29,0.0,12,0,0.0,0.13171364
2021-01-30,0.1,12,0,0.63308597,0.063962385
2021-01-31,0.4,12,0,0.74189675,1.7089472
2021-02-01,0.0,12,0,0.0,0.8456042
2021-02-02,0.0,12,0,0.0,0.24362382
2021-02-03,0.0,12,0,0.0,0.08739268
2021-02-04,0.0,12,0,0.0,0.10313759
2021-02-05,0.0,12,0,0.0,0.18762253
2021-02-06,0.0,12,0,0.0,0.06878454
2021-02-07,0.0,12,0,0.0,0.10339918
2021-02-08,1.2,12,0,0.5313076,0.08607147
2021-02-09,30.5,12,0,2.7480173,0.53900266
2021-02-10,0.0,12,0,0.0,1.7966888
2021-02-11,0.1,12,0,0.3226844,0.2531222
2021-02-12,0.0,12,0,0.0066554993,0.25326377
2021-02-13,0.0,12,0,0.024930518,0.09419838
2021-02-14,0.0,12,0,0.0,0.07212308
2021-02-15,0.0,12,0,0.0,0.14174114
2021-02-16,0.1,12,0,0.44830054,0.0855664
2021-02-17,1.2,12,0,0.9971967,0.8815476
2021-02-18,0.0,12,0,0.0,0.4024681
2021-02-19,0.0,12,0,0.0,0.10144637
2021-02-20,0.0,12,0,0.0,0.11319862
2021-02-21,0.0,12,0,0.0,0.022877976
2021-02-22,0.0,12,0,0.0,0.04737215
2021-02-23,0.0,12,0,0.0,0.21230151
2021-02-24,0.0,12,0,0.0,0.043279633
2021-02-25,0.6,12,0,1.0858202,0.29035223
2021-02-26,0.0,12,0,0.15236734,1.322444
2021-02-27,0.3,12,0,1.2014508,0.47788402
2021-02-28,1.4,12,0,0.66706336,0.7629057
2021-03-01,0.0,12,0,0.12304848,0.8876072
2021-03-02,2.0,12,0,0.8478906,0.9289292
2021-03-03,1.0,12,0,1.5253186,0.3130483
2021-03-04,4.7,12,0,1.9961984,2.8276436
2021-03-05,0.5,12,0,2.9152591,2.1134522
2021-03-06,2.2,12,0,1.5321996,1.1629634
2021-03-07,2.8,12,0,1.9026725,0.9624593
2021-03-08,2.3,12,0,2.3552394,0.56184685
2021-03-09,1.1,12,0,1.69975,2.1777337
2021-03-10,1.6,12,0,0.92611754,1.1008997
2021-03-11,1.1,12,0,1.3394728,0.5145544
2021-03-12,0.9,12,0,0.8851346,0.769109
2021-03-13,0.0,12,0,0.0055640773,0.4722207
2021-03-14,0.0,12,0,0.0,0.24558415
2021-03-15,0.7,12,0,0.5751717,0.25427166
2021-03-16,0.4,12,0,0.67530763,1.0544686
2021-03-17,0.0,12,0,0.007251327,0.62377596
2021-03-18,0.0,12,0,0.045425907,0.49904904
2021-03-19,0.6,12,0,0.85058653,0.7169992
2021-03-20,0.7,12,0,0.9721992,1.28614
2021-03-21,0.5,12,0,2.7063804,0.8266208
2021-03-22,0.4,12,0,3.2833352,0.62095535
2021-03-23,0.0,12,0,0.0021388242,0.31311554
2021-03-24,0.0,12,0,0.0,0.2981901
2021-03-25,0.3,12,0,0.43728,0.4004721
2021-03-26,0.0,12,0,0.0,0.5278982
2021-03-27,0.4,12,0,0.53405964,0.44965693
2021-03-28,1.2,12,0,0.7510104,0.51740575
2021-03-29,0.2,12,0,0.98952246,0.68328416
2021-03-30,0.2,12,0,0.48146313,0.8369237
2021-03-31,0.0,12,0,0.0,0.6685796
2021-04-01,0.1,12,0,1.3954694,0.43428642
2021-04-02,0.5,12,0,1.6063409,1.3995135
2021-04-03,6.8,12,0,1.4308813,1.019644
2021-04-04,1.7,12,0,2.3215518,0.8412119
2021-04-05,0.6,12,0,3.4155483,0.99743676
2021-04-06,1.8,12,0,0.9642488,1.1797533
2021-04-07,5.2,12,0,1.5882947,0.81373
2021-04-08,5.9,12,0,2.123974,1.1624436
2021-04-09,3.9,12,0,5.043299,0.8757647
2021-04-10,0.9,12,0,3.2153397,1.3147409
2021-04-11,2.8,12,0,1.4446485,1.788712
2021-04-12,1.1,12,0,1.4876454,0.98403513
2021-04-13,0.2,12,0,0.94266284,0.6712414
2021-04-14,1.1,12,0,1.0533981,0.51298344
2021-04-15,1.8,12,0,1.4318547,0.93769836
2021-04-16,0.9,12,0,1.4640837,0.7609247
2021-04-17,48.2,12,0,3.2763085,0.63300264
2021-04-18,5.7,12,0,11.407774,1.5398021
2021-04-19,26.8,12,0,5.725485,6.520198
2021-04-20,0.3,12,0,5.730928,2.3153422
2021-04-21,4.2,12,0,2.0812533,2.0511732
2021-04-22,2.5,12,0,4.4017954,2.5051804
2021-04-23,1.7,12,0,3.9471965,1.8984334
2021-04-24,2.5,12,0,6.2429795,1.7900393
2021-04-25,8.0,12,0,6.9319544,2.4267702
2021-04-26,17.5,12,0,10.254248,1.299401
2021-04-27,13.1,12,0,14.65506,2.5104403
2021-04-28,7.1,12,0,8.950895,3.1507807
2021-04-29,4.5,12,0,3.0589533,2.0503929
2021-04-30,0.0,12,0,0.008184269,0.8059499
2021-05-01,2.0,12,0,1.8923695,0.40375024
2021-05-02,12.6,12,0,4.4109483,1.4827931
2021-05-03,19.5,12,0,9.334153,1.4444902
2021-05-04,1.7,12,0,13.873089,1.3662324
2021-05-05,90.2,12,0,8.78166,3.132347
2021-05-06,10.8,12,0,8.859933,2.1122596
2021-05-07,1.8,12,0,7.303197,4.6845703
2021-05-08,0.2,12,0,4.3953967,2.422574
2021-05-09,0.4,12,0,5.2279854,2.8626935
2021-05-10,1.4,12,0,6.351232,3.8467789
2021-05-11,0.5,12,0,6.1618013,4.3996887
2021-05-12,0.0,12,0,0.12039625,3.9463935
2021-05-13,3.4,12,0,4.629064,1.4585679
2021-05-14,9.6,12,0,6.895713,3.9763236
2021-05-15,0.9,12,0,14.790778,3.2577343
2021-05-16,1.0,12,0,9.594955,4.5657063
2021-05-17,1.2,12,0,5.849948,3.8284268
2021-05-18,11.9,12,0,7.586912,2.7131026
2021-05-19,8.3,12,0,16.6973,5.242325
2021-05-20,2.1,12,0,13.675846,6.6737127
2021-05-21,1.4,12,0,9.984242,5.12339
2021-05-22,0.3,12,0,6.398122,5.9089313
2021-05-23,4.2,12,0,4.813019,4.852323
2021-05-24,2.5,12,0,6.7864594,2.4747767
2021-05-25,16.1,12,0,7.4329176,2.2820203
2021-05-26,2.3,12,0,9.725393,6.830677
2021-05-27,6.5,12,0,5.035452,5.5487347
2021-05-28,2.0,12,0,5.1109266,2.697079
2021-05-29,1.2,12,0,4.8807163,3.0803094
2021-05-30,1.6,12,0,5.4180636,4.990262
2021-05-31,3.7,12,0,7.115279,4.5862517
2021-06-01,8.3,12,0,11.276462,6.104014
2021-06-02,2.6,12,0,12.089099,6.3813634
2021-06-03,5.5,12,0,6.392963,3.56804
2021-06-04,21.7,12,0,4.0990143,3.3309097
2021-06-05,4.8,12,0,5.4892664,1.3949671
2021-06-06,0.0,12,0,0.0,2.3406422
2021-06-07,14.4,12,0,7.034437,1.0371027
2021-06-08,4.7,12,0,4.3196783,6.0234127
2021-06-09,16.3,12,0,6.577817,2.3836093
2021-06-10,22.5,12,0,7.562358,7.37171
2021-06-11,19.0,12,0,15.330563,9.95836
2021-06-12,4.1,12,0,6.8478966,8.750853
2021-06-13,38.8,12,0,26.580082,9.420177
2021-06-14,13.5,12,0,13.423035,16.463007
2021-06-15,0.1,12,0,2.6216702,2.635736
2021-06-16,6.0,12,0,3.888967,1.9853218
2021-06-17,1.7,12,0,8.010048,5.093672
2021-06-18,0.0,12,0,0.1075399,6.6910214
2021-01-01,0.0,13,1,0.023298426,0.2714668
2021-01-02,0.0,13,1,0.051869746,0.26583302
2021-01-03,2.5,13,1,1.3705528,0.3439531
2021-01-04,0.0,13,1,0.055622056,1.8076456
2021-01-05,3.4,13,1,2.7972207,0.46786475
2021-01-06,0.0,13,1,0.0,1.7146955
2021-01-07,0.0,13,1,0.14250338,0.4482591
2021-01-08,0.0,13,1,0.08369491,0.3631438
2021-01-09,0.0,13,1,0.022811856,0.3348517
2021-01-10,0.0,13,1,0.029577188,0.11932123
2021-01-11,0.0,13,1,0.015592737,0.1704543
2021-01-12,0.0,13,1,0.027039612,0.14068422
2021-01-13,0.0,13,1,0.05283838,0.039190225
2021-01-14,0.0,13,1,0.04533709,0.1130735
2021-01-15,0.0,13,1,0.011982697,0.23109943
2021-01-16,0.0,13,1,0.014710121,0.15400037
2021-01-17,0.0,13,1,0.021015156,0.15859497
2021-01-18,0.0,13,1,0.010912203,0.108719625
2021-01-19,0.0,13,1,0.059440546,0.024409182
2021-01-20,0.0,13,1,0.040206183,0.090432726
2021-01-21,0.0,13,1,0.04590527,0.14977647
2021-01-22,5.1,13,1,1.126595,0.19838347
2021-01-23,31.5,13,1,3.946475,1.7053688
2021-01-24,3.8,13,1,3.5269928,3.2161708
2021-01-25,0.0,13,1,0.0,0.59756196
2021-01-26,0.0,13,1,0.0,0.21383666
2021-01-27,0.0,13,1,0.0,0.12193744
2021-01-28,0.0,13,1,0.018934844,0.025697492
2021-01-29,0.0,13,1,0.0,0.08565939
2021-01-30,0.0,13,1,0.034674592,0.0
2021-01-31,0.0,13,1,0.0064143427,0.0
2021-02-01,0.0,13,1,0.014276736,0.0
2021-02-02,0.0,13,1,0.016505817,0.017951086
2021-02-03,0.0,13,1,0.0056347093,0.0
2021-02-04,0.0,13,1,0.06944581,0.0
2021-02-05,0.0,13,1,0.034240346,0.0
2021-02-06,0.0,13,1,0.035893,0.037480462
2021-02-07,0.2,13,1,0.7557181,0.040810738
2021-02-08,1.7,13,1,0.6683482,0.416644
2021-02-09,0.4,13,1,0.96660626,0.44698745
2021-02-10,0.0,13,1,0.22444052,0.46640313
2021-02-11,1.4,13,1,1.5059261,0.51791394
2021-02-12,0.0,13,1,0.08939267,0.9433651
2021-02-13,0.0,13,1,0.03545601,0.22355965
2021-02-14,0.4,13,1,0.46335715,0.035600044
2021-02-15,0.0,13,1,0.048375636,0.23986977
2021-02-16,0.0,13,1,0.0,0.12735513
2021-02-17,0.0,13,1,0.0,0.012385143
2021-02-18,0.0,13,1,0.0654581,0.0
2021-02-19,0.0,13,1,0.009079026,0.0
2021-02-20,0.0,13,1,0.006877095,0.0
2021-02-21,0.0,13,1,0.0052346187,0.02026578
2021-02-22,0.0,13,1,0.0,0.026264016
2021-02-23,0.0,13,1,0.0,0.047131587
2021-02-24,0.0,13,1,0.0,0.15536709
2021-02-25,0.0,13,1,0.010430236,0.096066624
2021-02-26,0.0,13,1,0.06336018,0.16144536
2021-02-27,0.0,13,1,0.00063633494,0.24090594
2021-02-28,0.0,13,1,0.012129713,0.095862225
2021-03-01,0.5,13,1,0.54724085,0.10252233
2021-03-02,0.6,13,1,1.0337424,0.3482475
2021-03-03,0.0,13,1,0.01443109,0.67413795
2021-03-04,0.0,13,1,0.027391993,0.08322113
2021-03-05,0.0,13,1,0.0028746114,0.008741817
2021-03-06,0.0,13,1,0.004220732,0.0
2021-03-07,0.0,13,1,0.0007835568,0.019489134
2021-03-08,0.0,13,1,0.037473056,0.020971816
2021-03-09,0.0,13,1,0.014382561,0.0
2021-03-10,0.0,13,1,0.01461179,0.027191287
2021-03-11,0.0,13,1,0.02617728,0.0
2021-03-12,0.0,13,1,0.010788902,0.01812366
2021-03-13,0.0,13,1,0.0065386454,0.007317124
2021-03-14,0.0,13,1,0.019594043,0.016085476
2021-03-15,0.0,13,1,0.0015376776,0.03840437
2021-03-16,0.0,13,1,0.008859308,0.06336478
2021-03-17,0.0,13,1,0.0,0.10333341
2021-03-18,0.0,13,1,0.013299553,0.054424718
2021-03-19,0.0,13,1,0.025456373,0.06453989
2021-03-20,2.8,13,1,1.8034217,0.061328635
2021-03-21,1.3,13,1,2.7427166,1.2148569
2021-03-22,0.2,13,1,0.8893806,0.4058869
2021-03-23,1.2,13,1,0.65541494,0.08437506
2021-03-24,8.5,13,1,1.4555736,0.09264922
2021-03-25,4.9,13,1,3.1231022,0.7342504
2021-03-26,0.9,13,1,2.588511,1.2492156
2021-03-27,0.1,13,1,0.8200427,0.3851219
2021-03-28,0.0,13,1,0.030110555,0.20887227
2021-03-29,0.0,13,1,0.03290312,0.2559393
2021-03-30,0.0,13,1,0.0,0.09741869
2021-03-31,0.0,13,1,0.048179697,0.15259384
2021-04-01,0.0,13,1,0.13079014,0.099820144
2021-04-02,1.0,13,1,3.6516418,0.15705428
2021-04-03,8.5,13,1,2.253895,1.4333806
2021-04-04,1.2,13,1,2.3127747,0.63867295
2021-04-05,0.1,13,1,1.143518,0.6192672
2021-04-06,0.0,13,1,0.0007707756,0.31497994
2021-04-07,0.0,13,1,0.017442912,0.14882988
2021-04-08,5.5,13,1,2.3227232,0.18767527
2021-04-09,2.5,13,1,3.228106,2.6136968
2021-04-10,3.6,13,1,2.2830129,1.066153
2021-04-11,0.0,13,1,0.0,1.05744
2021-04-12,0.2,13,1,1.1510661,0.26087433
2021-04-13,0.1,13,1,2.2707088,2.112748
2021-04-14,8.0,13,1,2.1390574,1.1345015
2021-04-15,4.4,13,1,5.651898,1.6406548
2021-04-16,8.7,13,1,4.795404,2.6947236
2021-04-17,11.9,13,1,4.7440553,3.1623392
2021-04-18,2.6,13,1,2.3115363,2.0466177
2021-04-19,4.6,13,1,4.026959,1.1610236
2021-04-20,6.5,13,1,4.602223,4.9556828
2021-04-21,2.6,13,1,6.8190746,2.4525633
2021-04-22,12.3,13,1,7.018859,3.287807
2021-04-23,8.2,13,1,6.4878225,3.1771922
2021-04-24,0.4,13,1,4.3996687,3.964767
2021-04-25,0.1,13,1,2.2351575,2.4711576
2021-04-26,0.3,13,1,1.6005483,1.709728
2021-04-27,1.3,13,1,2.3398569,1.8094678
2021-04-28,0.7,13,1,2.7304213,1.8021679
2021-04-29,5.8,13,1,4.6910186,1.2453954
2021-04-30,2.2,13,1,2.1004531,2.9685137
2021-05-01,2.0,13,1,3.6117806,1.0851026
2021-05-02,0.0,13,1,0.21093585,2.2361484
2021-05-03,0.0,13,1,0.08130392,0.9249222
2021-05-04,0.0,13,1,0.0932677,0.5671252
2021-05-05,0.0,13,1,0.18627459,0.52563536
2021-05-06,0.2,13,1,1.7512774,0.29280674
2021-05-07,0.4,13,1,2.062478,1.2983072
2021-05-08,1.4,13,1,2.7521422,1.6958485
2021-05-09,8.2,13,1,5.8551254,2.4693944
2021-05-10,3.7,13,1,2.9445653,2.8749692
2021-05-11,0.0,13,1,0.023155877,1.7537155
2021-05-12,0.7,13,1,1.9522595,0.9351542
2021-05-13,1.2,13,1,3.1719193,2.6210582
2021-05-14,4.0,13,1,4.7359824,1.982449
2021-05-15,5.2,13,1,3.5801578,1.9369426
2021-05-16,0.2,13,1,6.1007113,1.4797759
2021-05-17,21.9,13,1,6.541665,2.4777308
2021-05-18,15.5,13,1,5.5020623,2.3557875
2021-05-19,6.7,13,1,9.223819,4.7142725
2021-05-20,12.2,13,1,7.611511,5.0063143
2021-05-21,11.1,13,1,5.632399,3.5339222
2021-05-22,2.5,13,1,10.113421,3.8111186
2021-05-23,14.4,13,1,7.170948,4.5612583
2021-05-24,32.1,13,1,10.852165,4.5084786
2021-05-25,29.2,13,1,21.623064,5.8990345
2021-05-26,45.2,13,1,22.142643,5.400509
2021-05-27,12.2,13,1,18.013504,6.3699164
2021-05-28,3.3,13,1,7.2346687,4.6490602
2021-05-29,1.1,13,1,4.16284,3.6427336
2021-05-30,1.3,13,1,5.3879886,2.7495008
2021-05-31,0.8,13,1,3.8700957,2.832658
2021-06-01,2.1,13,1,4.8163533,1.8464344
2021-06-02,2.1,13,1,4.6267295,2.3600574
2021-06-03,0.3,13,1,5.0037637,1.7946873
2021-06-04,0.0,13,1,0.10202475,2.038477
2021-06-05,1.7,13,1,2.4682786,0.6823493
2021-06-06,7.6,13,1,5.2554336,1.3466005
2021-06-07,6.4,13,1,9.044059,1.2711897
2021-06-08,2.0,13,1,8.928749,2.114826
2021-06-09,0.3,13,1,3.8137002,1.8096778
2021-06-10,0.4,13,1,2.4551814,1.0943341
2021-06-11,1.5,13,1,3.7216053,1.0613561
2021-06-12,2.9,13,1,5.1541533,1.6030765
2021-06-13,1.4,13,1,4.7301903,1.598968
2021-06-14,2.0,13,1,3.945013,1.2312524
2021-06-15,0.0,13,1,0.042907868,1.406424
2021-06-16,6.9,13,1,3.073184,0.70655
2021-06-17,8.8,13,1,4.948835,2.066278
2021-06-18,2.9,13,1,4.297438,2.9079177
2021-01-01,0.0,14,0,0.0,0.0
2021-01-02,0.0,14,0,0.006689861,0.0
2021-01-03,0.0,14,0,0.0,0.0
2021-01-04,0.0,14,0,0.0,0.10764633
2021-01-05,0.0,14,0,0.0,0.0
2021-01-06,0.0,14,0,0.0,0.056310475
2021-01-07,0.2,14,0,0.7916,0.014719238
2021-01-08,0.6,14,0,2.9455543,0.3835759
2021-01-09,0.0,14,0,0.018429095,0.022211812
2021-01-10,0.0,14,0,0.0,0.0
2021-01-11,0.0,14,0,0.12247834,0.005935693
2021-01-12,0.0,14,0,0.037018303,0.00050378684
2021-01-13,0.0,14,0,0.0071635675,0.019111237
2021-01-14,0.0,14,0,0.0,0.00907954
2021-01-15,0.0,14,0,0.0,0.0
2021-01-16,0.0,14,0,0.09306057,0.042117313
2021-01-17,5.0,14,0,2.2973385,0.2993266
2021-01-18,0.0,14,0,0.0,0.23519875
2021-01-19,0.0,14,0,0.0073972973,0.0
2021-01-20,0.0,14,0,0.0,0.037263427
2021-01-21,0.0,14,0,0.0,0.11326174
2021-01-22,0.5,14,0,0.5302639,0.23210771
2021-01-23,0.0,14,0,0.0,0.32214174
2021-01-24,0.0,14,0,0.0,0.17463891
2021-01-25,1.7,14,0,1.3427162,0.17796358
2021-01-26,1.4,14,0,1.1677587,1.4770107
2021-01-27,0.0,14,0,0.0,0.69263387
2021-01-28,6.3,14,0,2.7509239,0.5191668
2021-01-29,0.0,14,0,0.0,0.9242332
2021-01-30,0.6,14,0,0.82676303,0.14849043
2021-01-31,1.2,14,0,1.5264304,2.1331308
2021-02-01,0.1,14,0,1.0330193,1.0115561
2021-02-02,0.1,14,0,0.76703334,0.76765335
2021-02-03,0.1,14,0,0.509354,0.54266524
2021-02-04,0.2,14,0,0.5292679,0.5286313
2021-02-05,0.5,14,0,0.43153256,0.5935315
2021-02-06,0.0,14,0,0.0,0.50702536
2021-02-07,0.0,14,0,0.0,0.22911385
2021-02-08,4.9,14,0,1.6159213,0.2676821
2021-02-09,54.6,14,0,11.352569,1.3141909
2021-02-10,0.0,14,0,0.0,1.9102886
2021-02-11,0.0,14,0,0.07997931,0.2705227
2021-02-12,0.0,14,0,0.06632057,0.17232694
2021-02-13,0.0,14,0,0.12910727,0.33985
2021-02-14,0.0,14,0,0.053624608,0.15944967
2021-02-15,0.0,14,0,0.07304595,0.20445354
2021-02-16,0.5,14,0,1.0487511,0.15496354
2021-02-17,6.2,14,0,3.9120827,1.1410484
2021-02-18,0.2,14,0,2.2038162,0.8523128
2021-02-19,0.2,14,0,0.40189242,0.47209856
2021-02-20,0.0,14,0,0.018359873,0.32603496
2021-02-21,0.0,14,0,0.0,0.12081983
2021-02-22,0.0,14,0,0.015434926,0.027097369
2021-02-23,0.1,14,0,0.38280076,0.279609
2021-02-24,0.0,14,0,0.0,0.45571366
2021-02-25,0.0,14,0,0.07554198,0.20273237
2021-02-26,0.3,14,0,1.1689727,0.4629286
2021-02-27,3.9,14,0,2.5403516,1.8522036
2021-02-28,0.6,14,0,1.638057,1.7614648
2021-03-01,0.6,14,0,0.9979508,0.9057249
2021-03-02,2.8,14,0,1.0817311,0.9490309
2021-03-03,0.1,14,0,0.79500794,0.33532107
2021-03-04,1.0,14,0,0.74296904,0.91524255
2021-03-05,0.4,14,0,0.97971356,1.598077
2021-03-06,0.3,14,0,1.3474565,1.1442719
2021-03-07,4.8,14,0,1.9552236,1.4966569
2021-03-08,0.4,14,0,2.5950596,2.409722
2021-03-09,3.0,14,0,1.0322142,0.8138603
2021-03-10,3.4,14,0,1.869808,0.9624193
2021-03-11,1.6,14,0,1.2232931,1.0417852
2021-03-12,0.7,14,0,0.61374676,0.4953927
2021-03-13,0.5,14,0,0.71573126,0.5222008
2021-03-14,0.0,14,0,0.01029289,0.9249729
2021-03-15,0.2,14,0,0.5395093,0.28959203
2021-03-16,0.7,14,0,0.87559533,1.3701143
2021-03-17,0.1,14,0,0.8993676,1.1145661
2021-03-18,0.0,14,0,0.041086525,0.9672159
2021-03-19,0.0,14,0,0.003658168,0.6084566
2021-03-20,0.3,14,0,1.0114477,0.63295805
2021-03-21,9.2,14,0,5.8915396,1.5246592
2021-03-22,0.6,14,0,3.262793,1.6743503
2021-03-23,0.0,14,0,0.025767246,0.3559777
2021-03-24,0.0,14,0,0.0,0.07373818
2021-03-25,0.1,14,0,0.6973202,0.49239823
2021-03-26,0.5,14,0,0.8292618,0.7092062
2021-03-27,1.2,14,0,0.9284785,0.98354435
2021-03-28,4.1,14,0,1.3853662,0.77301717
2021-03-29,0.0,14,0,0.13226038,1.3225329
2021-03-30,0.4,14,0,1.6760025,0.49726313
2021-03-31,0.0,14,0,0.2114496,2.0971437
2021-04-01,0.0,14,0,0.20611121,0.5250946
2021-04-02,0.9,14,0,2.6687164,0.8888953
2021-04-03,2.8,14,0,2.8659143,2.244134
2021-04-04,2.3,14,0,2.866644,1.905057
2021-04-05,12.1,14,0,2.8792126,0.9865391
2021-04-06,1.8,14,0,2.7255673,1.6762865
2021-04-07,6.0,14,0,1.5695317,1.6770644
2021-04-08,13.0,14,0,4.0737615,2.0088978
2021-04-09,18.6,14,0,13.163171,2.0416903
2021-04-10,3.9,14,0,4.215028,2.673785
2021-04-11,1.8,14,0,3.105679,2.2444916
2021-04-12,0.1,14,0,1.242948,1.0636189
2021-04-13,1.5,14,0,1.081348,0.80559504
2021-04-14,1.6,14,0,1.807039,1.1263578
2021-04-15,0.6,14,0,2.1788251,1.0608125
2021-04-16,3.3,14,0,4.361982,1.1508
2021-04-17,19.4,14,0,10.332957,1.7378278
2021-04-18,15.2,14,0,19.577393,1.7533684
2021-04-19,10.1,14,0,4.8332763,3.2305627
2021-04-20,8.7,14,0,5.462859,2.11553
2021-04-21,4.5,14,0,6.522527,2.5377517
2021-04-22,2.1,14,0,5.3755965,2.8401442
2021-04-23,1.9,14,0,4.4933114,2.3328283
2021-04-24,3.0,14,0,4.699838,2.3354785
2021-04-25,11.2,14,0,7.2406416,2.1691272
2021-04-26,58.4,14,0,14.5178175,2.999576
2021-04-27,79.1,14,0,22.847736,3.6028676
2021-04-28,20.3,14,0,8.799434,4.5593724
2021-04-29,11.0,14,0,4.3736024,1.952409
2021-04-30,0.0,14,0,0.0,0.7135484
2021-05-01,5.1,14,0,3.8404827,0.37196892
2021-05-02,4.4,14,0,5.425049,2.9822633
2021-05-03,18.5,14,0,5.3551173,1.4915903
2021-05-04,6.4,14,0,12.890847,2.1809719
2021-05-05,21.7,14,0,9.414197,4.4415636
2021-05-06,69.0,14,0,14.855356,1.8901334
2021-05-07,0.7,14,0,10.291722,4.7368803
2021-05-08,16.6,14,0,5.912168,5.5558105
2021-05-09,2.1,14,0,5.3809023,5.6327953
2021-05-10,0.2,14,0,6.6160307,2.3731601
2021-05-11,0.0,14,0,0.34832764,4.7891417
2021-05-12,14.7,14,0,4.3632536,1.1365213
2021-05-13,24.2,14,0,7.902301,2.9629714
2021-05-14,17.5,14,0,8.397767,4.1322646
2021-05-15,2.6,14,0,13.80818,3.3115191
2021-05-16,14.1,14,0,10.090695,7.166541
2021-05-17,13.6,14,0,15.498562,5.6382413
2021-05-18,3.4,14,0,8.046764,5.768009
2021-05-19,3.6,14,0,5.5713263,4.2021375
2021-05-20,2.7,14,0,9.377598,5.1257544
2021-05-21,7.3,14,0,11.045103,6.543307
2021-05-22,32.4,14,0,13.919942,6.937638
2021-05-23,14.9,14,0,30.146107,7.376727
2021-05-24,17.2,14,0,17.419804,8.742185
2021-05-25,16.1,14,0,20.04024,4.970415
2021-05-26,0.2,14,0,8.304848,7.2533884
2021-05-27,0.7,14,0,6.5847254,3.9218998
2021-05-28,0.2,14,0,4.752438,4.086284
2021-05-29,0.2,14,0,3.4822288,2.8483727
2021-05-30,4.3,14,0,6.1999273,2.8661716
2021-05-31,0.2,14,0,6.30784,6.4732137
2021-06-01,2.2,14,0,2.1339211,4.0750628
2021-06-02,1.6,14,0,5.769351,1.264518
2021-06-03,0.4,14,0,6.4997663,3.194765
2021-06-04,7.3,14,0,14.307991,5.6084733
2021-06-05,6.2,14,0,6.3582907,5.179732
2021-06-06,20.1,14,0,7.1208143,1.3767879
2021-06-07,27.5,14,0,17.892797,4.834157
2021-06-08,29.0,14,0,17.181648,6.7589235
2021-06-09,23.1,14,0,22.596828,5.8168206
2021-06-10,27.1,14,0,18.850336,13.466421
2021-06-11,106.6,14,0,22.660566,12.142625
2021-06-12,14.0,14,0,20.79626,15.387167
2021-06-13,41.6,14,0,26.753193,17.155676
2021-06-14,1.7,14,0,16.837837,17.644913
2021-06-15,0.0,14,0,0.27035803,5.8094087
2021-06-16,0.1,14,0,2.1910403,1.5619359
2021-06-17,0.0,14,0,0.039213307,1.884378
2021-06-18,0.0,14,0,0.0,0.7870606
2021-01-01,0.0,15,0,0.015762597,0.056260616
2021-01-02,0.0,15,0,0.009560666,0.030582264
2021-01-03,2.3,15,0,0.47445104,0.052052967
2021-01-04,0.0,15,0,0.0,0.8132473
2021-01-05,0.6,15,0,0.5410261,0.07038836
2021-01-06,0.0,15,0,0.014068757,1.4034817
2021-01-07,1.7,15,0,1.1418691,0.28479403
2021-01-08,0.5,15,0,1.9005566,1.5271904
2021-01-09,0.0,15,0,0.005726833,0.21349072
2021-01-10,0.0,15,0,0.031824995,0.14957254
2021-01-11,0.0,15,0,0.05905733,0.1752054
2021-01-12,0.0,15,0,0.005831211,0.0731594
2021-01-13,0.0,15,0,0.0,0.031918198
2021-01-14,0.0,15,0,0.0,0.11995095
2021-01-15,0.0,15,0,0.0,0.027195329
2021-01-16,0.1,15,0,0.3659839,0.116539866
2021-01-17,2.4,15,0,0.903656,0.24628386
2021-01-18,0.0,15,0,0.0,0.16941883
2021-01-19,0.0,15,0,0.0130684795,0.0044385665
2021-01-20,0.0,15,0,0.0026569893,0.105944626
2021-01-21,0.9,15,0,1.023864,0.3741884
2021-01-22,0.0,15,0,0.0,0.7142333
2021-01-23,0.0,15,0,0.0,0.20249374
2021-01-24,0.0,15,0,0.0,0.089544736
2021-01-25,0.2,15,0,1.1342494,0.24055068
2021-01-26,0.3,15,0,0.8861288,1.4673042
2021-01-27,0.0,15,0,0.023307502,0.7439363
2021-01-28,0.0,15,0,0.11259753,0.26568484
2021-01-29,0.0,15,0,0.0,0.18063074
2021-01-30,0.1,15,0,0.9468155,0.07835703
2021-01-31,0.5,15,0,1.2230046,3.702229
2021-02-01,0.0,15,0,0.0066434727,1.6913373
2021-02-02,0.0,15,0,0.0,0.28187844
2021-02-03,0.0,15,0,0.0,0.096843876
2021-02-04,0.0,15,0,0.0,0.14895727
2021-02-05,0.0,15,0,0.0,0.32103065
2021-02-06,0.0,15,0,0.0,0.13736314
2021-02-07,0.0,15,0,0.0,0.14775805
2021-02-08,0.7,15,0,0.71386063,0.11932163
2021-02-09,39.3,15,0,5.7178664,0.83637583
2021-02-10,0.7,15,0,1.3517313,2.7012908
2021-02-11,0.0,15,0,0.0,0.3039966
2021-02-12,0.0,15,0,0.00070274324,0.07740272
2021-02-13,0.0,15,0,0.0,0.05068295
2021-02-14,0.0,15,0,0.0,0.08982597
2021-02-15,0.0,15,0,0.017344026,0.114494294
2021-02-16,0.0,15,0,0.0,0.08931915
2021-02-17,0.0,15,0,0.15604292,0.35402748
2021-02-18,0.0,15,0,0.015260386,0.1317164
2021-02-19,0.0,15,0,0.0,0.13815156
2021-02-20,0.0,15,0,0.0,0.054113783
2021-02-21,0.0,15,0,0.0,0.0
2021-02-22,0.0,15,0,0.0,0.039697763
2021-02-23,0.0,15,0,0.0,0.1526462
2021-02-24,0.0,15,0,0.0,0.05139738
2021-02-25,0.5,15,0,1.2379212,0.20386536
2021-02-26,0.0,15,0,0.17073336,2.0503037
2021-02-27,0.7,15,0,2.0431697,0.54401755
2021-02-28,1.3,15,0,1.2239857,3.6308265
2021-03-01,0.3,15,0,1.6622097,1.064121
2021-03-02,5.0,15,0,1.5696461,0.9231144
2021-03-03,3.3,15,0,4.2634864,0.30685323
2021-03-04,1.5,15,0,3.828105,5.3315697
2021-03-05,0.1,15,0,2.5004463,1.5309768
2021-03-06,3.5,15,0,1.275167,0.7603649
2021-03-07,2.1,15,0,2.2067063,0.76787126
2021-03-08,3.3,15,0,3.137105,0.70287395
2021-03-09,1.2,15,0,2.8324552,2.926913
2021-03-10,1.6,15,0,1.4476435,1.3056803
2021-03-11,0.8,15,0,1.4204698,0.6757115
2021-03-12,0.8,15,0,1.2176261,0.57584274
2021-03-13,0.0,15,0,0.04326822,0.5200095
2021-03-14,0.0,15,0,0.0,0.16768917
2021-03-15,0.6,15,0,0.75225186,0.20688583
2021-03-16,0.1,15,0,0.69966066,0.7626797
2021-03-17,0.0,15,0,0.0,0.56628275
2021-03-18,0.1,15,0,1.0414896,0.37064677
2021-03-19,0.3,15,0,0.9919574,1.1891661
2021-03-20,0.5,15,0,1.2515273,1.1461191
2021-03-21,1.1,15,0,3.2033606,0.95885694
2021-03-22,3.1,15,0,6.216022,1.184674
2021-03-23,0.0,15,0,0.0,0.34025326
2021-03-24,0.0,15,0,0.0,0.47426158
2021-03-25,1.0,15,0,0.53768456,0.39958164
2021-03-26,0.1,15,0,1.9216812,0.5890193
2021-03-27,0.4,15,0,0.57529604,0.7577424
2021-03-28,1.8,15,0,0.8256686,0.5584383
2021-03-29,0.1,15,0,1.4754231,0.9619509
2021-03-30,0.2,15,0,1.0502744,1.1917021
2021-03-31,0.0,15,0,0.0,0.986609
2021-04-01,0.5,15,0,2.4116619,0.6239195
2021-04-02,1.2,15,0,2.4770637,1.4540696
2021-04-03,6.7,15,0,2.9598906,1.0050671
2021-04-04,1.6,15,0,3.6689353,1.4240863
2021-04-05,0.8,15,0,2.616232,1.0998411
2021-04-06,1.2,15,0,1.5407541,1.0267339
2021-04-07,1.7,15,0,2.0805547,0.87752414
2021-04-08,5.8,15,0,1.5463657,1.0751121
2021-04-09,1.6,15,0,5.504474,0.8503237
2021-04-10,2.5,15,0,3.8305001,1.9034357
2021-04-11,2.3,15,0,2.6153376,2.2324305
2021-04-12,0.5,15,0,1.3819485,0.6203532
2021-04-13,0.0,15,0,0.0,0.69992375
2021-04-14,0.3,15,0,0.66621387,0.3786798
2021-04-15,2.2,15,0,0.9355159,1.0104597
2021-04-16,0.5,15,0,2.4702907,1.1731226
2021-04-17,21.7,15,0,2.6310256,0.6395732
2021-04-18,3.7,15,0,10.286395,2.007179
2021-04-19,61.3,15,0,7.9576845,4.6346383
2021-04-20,0.6,15,0,10.805882,3.0800562
2021-04-21,2.1,15,0,2.4996424,1.3021512
2021-04-22,2.1,15,0,2.2109764,2.6228716
2021-04-23,0.6,15,0,4.2105527,1.2317326
2021-04-24,1.2,15,0,4.7550955,1.3802402
2021-04-25,2.1,15,0,7.0036974,2.210664
2021-04-26,17.0,15,0,10.479524,1.3640778
2021-04-27,13.8,15,0,15.25975,2.4789884
2021-04-28,1.9,15,0,13.007423,3.5975924
2021-04-29,2.3,15,0,1.6876786,2.0996907
2021-04-30,0.0,15,0,0.0,0.40971193
2021-05-01,5.5,15,0,1.5949931,0.27088928
2021-05-02,16.1,15,0,5.7335315,1.2405035
2021-05-03,38.3,15,0,7.4774885,1.4879477
2021-05-04,2.2,15,0,14.327046,2.292537
2021-05-05,27.3,15,0,8.805991,4.206784
2021-05-06,3.9,15,0,5.4826474,1.5509601
2021-05-07,2.5,15,0,6.1746936,1.5355735
2021-05-08,0.0,15,0,0.0945202,3.3059187
2021-05-09,0.9,15,0,4.035958,0.8512548
2021-05-10,1.3,15,0,6.3340573,2.7392924
2021-05-11,0.9,15,0,7.419492,2.1540823
2021-05-12,0.2,15,0,6.2612166,2.1763766
2021-05-13,0.9,15,0,4.4658594,2.274306
2021-05-14,9.5,15,0,7.6936255,2.045116
2021-05-15,1.3,15,0,12.028135,2.8505204
2021-05-16,0.8,15,0,9.69013,3.3010378
2021-05-17,1.5,15,0,5.2482557,3.5974016
2021-05-18,20.1,15,0,6.74489,2.6790564
2021-05-19,23.0,15,0,26.649477,4.0252447
2021-05-20,1.2,15,0,22.73854,7.2393484
2021-05-21,2.4,15,0,19.985762,7.7287083
2021-05-22,3.0,15,0,10.344701,7.2421446
2021-05-23,17.7,15,0,10.4523945,6.0943375
2021-05-24,4.3,15,0,7.2998514,5.2550263
2021-05-25,20.6,15,0,12.136403,3.0744114
2021-05-26,8.1,15,0,12.245596,7.2918053
2021-05-27,24.7,15,0,8.483219,7.919202
2021-05-28,4.3,15,0,13.192227,5.3955426
2021-05-29,5.0,15,0,6.807784,7.749613
2021-05-30,5.9,15,0,8.724265,6.9529343
2021-05-31,6.3,15,0,8.334889,6.1261277
2021-06-01,6.8,15,0,13.660217,6.706888
2021-06-02,2.1,15,0,10.735863,5.882749
2021-06-03,4.0,15,0,9.10872,4.146699
2021-06-04,26.3,15,0,7.0265446,4.33101
2021-06-05,7.5,15,0,5.33187,2.3017914
2021-06-06,0.0,15,0,0.0,2.7676125
2021-06-07,12.7,15,0,9.302879,1.5624177
2021-06-08,8.8,15,0,10.005179,5.1646056
2021-06-09,15.1,15,0,5.7372603,2.8961227
2021-06-10,16.0,15,0,10.722825,5.109297
2021-06-11,20.0,15,0,14.946839,7.3946047
2021-06-12,21.7,15,0,10.417784,7.4540167
2021-06-13,43.7,15,0,40.121075,8.636331
2021-06-14,11.8,15,0,10.48536,13.98809
2021-06-15,0.3,15,0,4.010448,2.830043
2021-06-16,13.2,15,0,5.4745526,2.4679525
2021-06-17,3.5,15,0,7.3026485,5.53705
2021-06-18,1.5,15,0,3.4025903,4.572201
2021-01-01,16.6,16,3,20.545826,8.353132
2021-01-02,10.3,16,3,12.920659,9.520255
2021-01-03,1.2,16,3,4.739518,6.7025914
2021-01-04,16.1,16,3,13.735263,3.3291545
2021-01-05,0.7,16,3,20.681072,9.136718
2021-01-06,9.9,16,3,8.960767,9.597947
2021-01-07,16.1,16,3,19.785269,8.306867
2021-01-08,36.3,16,3,21.798965,9.675752
2021-01-09,43.4,16,3,28.722366,10.809361
2021-01-10,24.1,16,3,33.499912,8.962838
2021-01-11,44.6,16,3,36.26057,8.9368105
2021-01-12,6.6,16,3,13.021797,10.019788
2021-01-13,0.1,16,3,1.0035741,5.673589
2021-01-14,0.1,16,3,0.7625148,1.0366032
2021-01-15,0.0,16,3,0.0,1.3597229
2021-01-16,2.0,16,3,1.1053417,0.8144833
2021-01-17,22.5,16,3,13.0865345,1.5951903
2021-01-18,40.3,16,3,15.898949,7.77283
2021-01-19,0.8,16,3,3.7186484,9.805479
2021-01-20,0.1,16,3,0.6807412,2.598929
2021-01-21,0.6,16,3,2.7134223,1.2932019
2021-01-22,1.1,16,3,5.5774107,5.5625596
2021-01-23,0.6,16,3,2.2917717,5.379172
2021-01-24,0.0,16,3,0.0,2.7398577
2021-01-25,0.0,16,3,0.0,0.5058737
2021-01-26,0.2,16,3,0.97887826,0.53181434
2021-01-27,0.1,16,3,0.64942217,1.270843
2021-01-28,2.8,16,3,4.303617,0.9205688
2021-01-29,4.0,16,3,3.0209231,4.5359716
2021-01-30,3.0,16,3,3.4328713,2.3729196
2021-01-31,4.7,16,3,2.424456,4.0596895
2021-02-01,0.1,16,3,1.7899034,2.4576
2021-02-02,0.0,16,3,0.03621631,0.63549995
2021-02-03,1.3,16,3,1.772783,0.42009565
2021-02-04,3.2,16,3,1.9954038,4.4477553
2021-02-05,1.3,16,3,2.170943,1.1862547
2021-02-06,0.4,16,3,1.1734126,3.284163
2021-02-07,0.0,16,3,0.06160302,0.7014109
2021-02-08,0.6,16,3,1.7176573,0.7097082
2021-02-09,19.6,16,3,3.507308,2.3290288
2021-02-10,14.9,16,3,12.161188,4.267765
2021-02-11,0.6,16,3,1.8743372,5.627194
2021-02-12,0.0,16,3,0.012845774,0.47643918
2021-02-13,0.0,16,3,0.0,0.40829098
2021-02-14,0.0,16,3,0.0,0.30661923
2021-02-15,0.0,16,3,0.0,0.33098322
2021-02-16,0.0,16,3,0.0,0.18984069
2021-02-17,0.5,16,3,2.2000163,0.21789809
2021-02-18,12.1,16,3,4.7653055,1.9362295
2021-02-19,4.2,16,3,3.2690578,3.6389122
2021-02-20,0.0,16,3,0.0,1.6637888
2021-02-21,0.0,16,3,0.0,0.1701007
2021-02-22,0.0,16,3,0.0,0.16244677
2021-02-23,0.0,16,3,0.0,0.14239572
2021-02-24,0.0,16,3,0.0,0.15329488
2021-02-25,0.0,16,3,0.02378129,0.13921691
2021-02-26,0.0,16,3,0.017294765,0.16856374
2021-02-27,0.0,16,3,0.0028931082,0.2056233
2021-02-28,0.0,16,3,0.012782,0.24921134
2021-03-01,1.4,16,3,1.762799,0.2923825
2021-03-02,3.0,16,3,3.6524448,2.3661485
2021-03-03,1.7,16,3,2.7380896,3.6749744
2021-03-04,0.2,16,3,1.459629,1.647367
2021-03-05,2.1,16,3,0.78059304,0.57110226
2021-03-06,0.9,16,3,1.7860091,0.67713237
2021-03-07,0.1,16,3,0.61878455,0.6572583
2021-03-08,1.8,16,3,1.4337716,0.58723366
2021-03-09,0.0,16,3,0.0,1.2601793
2021-03-10,0.1,16,3,0.46937436,0.23984043
2021-03-11,0.0,16,3,0.0,0.56921196
2021-03-12,0.0,16,3,0.0,0.1768822
2021-03-13,0.2,16,3,0.47351626,0.24941508
2021-03-14,0.0,16,3,0.0,0.63282967
2021-03-15,0.0,16,3,0.012861048,0.18390486
2021-03-16,0.0,16,3,0.025264068,0.27017727
2021-03-17,0.0,16,3,0.0,0.12886462
2021-03-18,0.0,16,3,0.0025966815,0.107169226
2021-03-19,0.0,16,3,0.0,0.14481889
2021-03-20,0.0,16,3,0.033363413,0.19187059
2021-03-21,0.7,16,3,2.2059805,0.2839892
2021-03-22,32.3,16,3,16.78763,2.3716347
2021-03-23,30.3,16,3,16.5526,5.7141523
2021-03-24,3.3,16,3,5.560984,4.8139267
2021-03-25,1.0,16,3,3.6070056,1.2138629
2021-03-26,0.9,16,3,1.7383697,0.8441247
2021-03-27,0.0,16,3,0.051371936,0.695277
2021-03-28,0.0,16,3,0.13708602,0.19355594
2021-03-29,0.0,16,3,0.0,0.29189005
2021-03-30,0.0,16,3,0.092329,0.18990332
2021-03-31,1.9,16,3,1.2366102,0.37456122
2021-04-01,0.9,16,3,3.6162143,0.99101555
2021-04-02,7.3,16,3,4.298339,1.0971317
2021-04-03,0.1,16,3,2.6890543,3.9649415
2021-04-04,0.0,16,3,0.0,0.55523646
2021-04-05,0.0,16,3,0.026834927,0.17349648
2021-04-06,0.0,16,3,0.0,0.09098902
2021-04-07,0.5,16,3,0.90071774,0.14237495
2021-04-08,2.2,16,3,1.0200605,1.1376727
2021-04-09,1.7,16,3,2.7325933,1.4149835
2021-04-10,0.5,16,3,1.9458885,0.90294063
2021-04-11,0.2,16,3,0.71873605,0.48877597
2021-04-12,0.0,16,3,0.0,0.34760508
2021-04-13,0.0,16,3,0.0,0.111731425
2021-04-14,0.0,16,3,0.0,0.19478029
2021-04-15,1.1,16,3,1.099278,0.10412083
2021-04-16,3.3,16,3,3.4091048,1.1604257
2021-04-17,0.4,16,3,2.198947,3.441248
2021-04-18,0.0,16,3,0.0,0.5117302
2021-04-19,4.3,16,3,1.2202203,0.15080546
2021-04-20,6.1,16,3,5.466849,4.0297885
2021-04-21,9.0,16,3,6.3957605,3.088334
2021-04-22,0.4,16,3,3.9599662,2.6707687
2021-04-23,0.1,16,3,1.3104846,1.5856874
2021-04-24,0.1,16,3,1.2014067,1.2634795
2021-04-25,0.1,16,3,1.2565749,0.9563998
2021-04-26,0.4,16,3,2.6459818,1.3112643
2021-04-27,1.5,16,3,2.7310038,3.5357323
2021-04-28,4.2,16,3,3.4278731,3.9129095
2021-04-29,2.7,16,3,3.9164171,1.5718889
2021-04-30,3.0,16,3,3.1380992,2.3098035
2021-05-01,3.4,16,3,2.6439114,3.1368551
2021-05-02,2.2,16,3,3.7895465,1.2807791
2021-05-03,5.8,16,3,2.0553553,3.628714
2021-05-04,10.8,16,3,5.716657,1.2876315
2021-05-05,0.0,16,3,0.0,4.0027404
2021-05-06,0.1,16,3,1.936667,0.719345
2021-05-07,0.0,16,3,0.0,1.3601797
2021-05-08,0.0,16,3,0.0,0.37704355
2021-05-09,0.5,16,3,0.8988879,0.4095707
2021-05-10,0.8,16,3,1.0526664,0.8689976
2021-05-11,2.4,16,3,1.8946917,0.93231034
2021-05-12,4.5,16,3,2.365561,3.5236683
2021-05-13,0.6,16,3,2.7019284,1.4904902
2021-05-14,2.6,16,3,2.597963,1.7027495
2021-05-15,2.0,16,3,3.4938016,2.890442
2021-05-16,0.2,16,3,1.9468431,1.8468022
2021-05-17,0.2,16,3,1.2308934,0.9086019
2021-05-18,0.2,16,3,1.2878091,1.133146
2021-05-19,0.2,16,3,1.2814391,1.3037353
2021-05-20,0.0,16,3,0.041545723,1.1560135
2021-05-21,0.0,16,3,0.09575023,0.5301957
2021-05-22,0.3,16,3,0.88759553,0.51034534
2021-05-23,0.4,16,3,1.5548697,1.7248139
2021-05-24,2.0,16,3,1.9084003,2.256845
2021-05-25,1.6,16,3,4.4957128,1.5994711
2021-05-26,0.8,16,3,2.9992661,3.4804187
2021-05-27,7.2,16,3,3.3336978,1.5647995
2021-05-28,0.0,16,3,0.15328576,2.6692996
2021-05-29,0.1,16,3,1.409452,0.7977159
2021-05-30,0.0,16,3,0.005660553,1.5589447
2021-05-31,2.0,16,3,0.9477291,0.5338124
2021-06-01,1.3,16,3,1.6756849,2.0284178
2021-06-02,0.0,16,3,0.0,0.86206317
2021-06-03,0.0,16,3,0.121731825,0.42935115
2021-06-04,8.8,16,3,1.6746027,0.47938368
2021-06-05,18.5,16,3,15.025166,3.8632545
2021-06-06,2.6,16,3,2.8130898,6.6960692
2021-06-07,1.1,16,3,2.3343523,1.0874872
2021-06-08,2.3,16,3,5.743514,1.2466161
2021-06-09,2.0,16,3,2.3872695,3.862987
2021-06-10,1.4,16,3,1.952939,0.7606994
2021-06-11,2.2,16,3,3.5210257,1.6100395
2021-06-12,33.2,16,3,27.084263,2.1056623
2021-06-13,0.1,16,3,4.389715,5.0870795
2021-06-14,0.4,16,3,0.8104451,0.8161067
2021-06-15,0.4,16,3,0.85999656,0.527676
2021-06-16,0.0,16,3,0.0,0.7489009
2021-06-17,0.0,16,3,0.0,0.32143953
2021-06-18,0.4,16,3,0.8612604,0.29434955
2021-01-01,0.0,17,1,0.0058698687,0.23896606
2021-01-02,0.0,17,1,0.03627909,0.10461347
2021-01-03,0.1,17,1,1.2690182,0.21053383
2021-01-04,0.1,17,1,1.0413451,0.7406608
2021-01-05,6.1,17,1,4.104697,0.39989516
2021-01-06,0.0,17,1,0.028410384,3.1856422
2021-01-07,0.8,17,1,2.8932488,0.4108492
2021-01-08,0.0,17,1,0.119935855,2.4862213
2021-01-09,0.0,17,1,0.021618469,0.4775424
2021-01-10,0.0,17,1,0.022712167,0.1351656
2021-01-11,0.0,17,1,0.031649917,0.2116525
2021-01-12,0.0,17,1,0.022545421,0.20057511
2021-01-13,0.0,17,1,0.025300177,0.044849355
2021-01-14,0.0,17,1,0.045662463,0.10525427
2021-01-15,0.0,17,1,0.05905393,0.1280624
2021-01-16,0.0,17,1,0.07908588,0.3398995
2021-01-17,0.0,17,1,0.05425285,0.27051833
2021-01-18,0.0,17,1,0.028466713,0.24532127
2021-01-19,0.0,17,1,0.04860323,0.07638046
2021-01-20,0.0,17,1,0.033096086,0.21647531
2021-01-21,0.0,17,1,0.061922368,0.10535757
2021-01-22,6.9,17,1,2.172669,0.27393365
2021-01-23,1.5,17,1,3.275588,3.1567898
2021-01-24,5.9,17,1,3.1324615,2.090347
2021-01-25,1.2,17,1,4.571577,2.381748
2021-01-26,0.0,17,1,0.016832413,1.3520279
2021-01-27,0.0,17,1,0.12272891,0.33963796
2021-01-28,0.2,17,1,1.392632,0.36517486
2021-01-29,0.0,17,1,0.025762733,0.67052495
2021-01-30,0.0,17,1,0.024056483,0.15734465
2021-01-31,0.0,17,1,0.0290016,0.088886365
2021-02-01,0.0,17,1,0.022488773,0.07461233
2021-02-02,0.0,17,1,0.07347112,0.105860844
2021-02-03,0.0,17,1,0.045137018,0.1281098
2021-02-04,0.0,17,1,0.066139184,0.10411029
2021-02-05,0.0,17,1,0.09703275,0.0706358
2021-02-06,0.0,17,1,0.059068512,0.16794051
2021-02-07,0.6,17,1,1.047158,0.12023736
2021-02-08,0.1,17,1,1.1267495,0.9581822
2021-02-09,0.0,17,1,0.039383695,0.5194167
2021-02-10,1.0,17,1,1.8370128,0.25543854
2021-02-11,9.7,17,1,2.6461666,1.1368268
2021-02-12,0.1,17,1,2.630734,1.1990767
2021-02-13,0.0,17,1,0.098850004,0.40331605
2021-02-14,0.0,17,1,0.0840491,0.15904959
2021-02-15,0.0,17,1,0.047913183,0.19242838
2021-02-16,0.0,17,1,0.102441676,0.051901106
2021-02-17,0.0,17,1,0.05784698,0.0567353
2021-02-18,0.0,17,1,0.03674741,0.044847235
2021-02-19,0.0,17,1,0.023191836,0.0
2021-02-20,0.0,17,1,0.032593403,0.0
2021-02-21,0.0,17,1,0.028663173,0.00542246
2021-02-22,0.0,17,1,0.009398169,0.010082428
2021-02-23,0.0,17,1,0.06803334,0.050054256
2021-02-24,0.0,17,1,0.010455852,0.12044457
2021-02-25,0.0,17,1,0.101054326,0.07479297
2021-02-26,0.0,17,1,0.09636918,0.1451707
2021-02-27,0.0,17,1,0.08691065,0.12521215
2021-02-28,0.0,17,1,0.07336785,0.12030247
2021-03-01,0.0,17,1,0.043867502,0.08407927
2021-03-02,0.3,17,1,1.0545118,0.056926157
2021-03-03,0.1,17,1,0.66985977,0.4715813
2021-03-04,0.0,17,1,0.015013114,0.16591871
2021-03-05,0.0,17,1,0.0,0.0
2021-03-06,0.0,17,1,0.0,0.0
2021-03-07,0.0,17,1,0.009660211,0.0
2021-03-08,0.0,17,1,0.0,0.030624038
2021-03-09,0.0,17,1,0.0,0.0
2021-03-10,0.0,17,1,0.0,0.0
2021-03-11,0.0,17,1,0.00197724,0.0
2021-03-12,0.0,17,1,0.006740035,0.007546866
2021-03-13,0.0,17,1,0.0048751137,0.019676553
2021-03-14,0.0,17,1,0.0064922012,0.010477816
2021-03-15,0.0,17,1,0.004112712,0.049365383
2021-03-16,0.0,17,1,0.010589694,0.034964457
2021-03-17,0.0,17,1,0.0,0.08638419
2021-03-18,0.0,17,1,0.0016261024,0.03758374
2021-03-19,0.0,17,1,0.079249255,0.0679434
2021-03-20,0.3,17,1,1.5223725,0.1181487
2021-03-21,0.4,17,1,0.7285484,0.9389615
2021-03-22,0.0,17,1,0.03727312,0.43740872
2021-03-23,0.8,17,1,0.46465752,0.050606802
2021-03-24,0.5,17,1,0.89210665,0.021364769
2021-03-25,0.9,17,1,0.5935855,0.15687442
2021-03-26,1.3,17,1,0.7143121,0.11403066
2021-03-27,0.0,17,1,0.035479806,0.27949214
2021-03-28,0.0,17,1,0.119866535,0.07869615
2021-03-29,0.0,17,1,0.040218394,0.2360104
2021-03-30,0.0,17,1,0.065689445,0.076462775
2021-03-31,0.0,17,1,0.076998055,0.12849171
2021-04-01,0.0,17,1,0.105791144,0.04119308
2021-04-02,1.9,17,1,1.8545842,0.054738373
2021-04-03,3.2,17,1,8.50738,1.9365017
2021-04-04,3.8,17,1,3.4643726,1.3034663
2021-04-05,1.0,17,1,2.4796524,0.86258614
2021-04-06,0.0,17,1,0.010778793,0.37787208
2021-04-07,0.7,17,1,1.1877661,0.066414624
2021-04-08,1.6,17,1,2.2070704,0.7881094
2021-04-09,11.0,17,1,6.4761896,1.0483747
2021-04-10,3.9,17,1,3.6587834,2.537733
2021-04-11,0.3,17,1,1.47859,0.6267234
2021-04-12,7.7,17,1,1.8499746,0.4288667
2021-04-13,1.9,17,1,7.5897665,1.3544102
2021-04-14,7.4,17,1,3.7555327,2.0016747
2021-04-15,1.0,17,1,3.0771618,1.7605438
2021-04-16,10.7,17,1,3.829823,0.6315503
2021-04-17,2.4,17,1,5.201994,1.9721043
2021-04-18,5.9,17,1,3.0115476,1.9157612
2021-04-19,3.7,17,1,3.4324522,1.206641
2021-04-20,2.9,17,1,3.9868555,1.2605503
2021-04-21,1.2,17,1,4.098035,1.8954709
2021-04-22,6.6,17,1,3.898861,2.6160483
2021-04-23,10.9,17,1,7.7486925,1.528487
2021-04-24,0.7,17,1,3.5327878,2.4425418
2021-04-25,0.0,17,1,0.10124753,1.5699387
2021-04-26,0.5,17,1,1.8477013,0.5938703
2021-04-27,8.5,17,1,4.298136,1.6684914
2021-04-28,1.0,17,1,5.0090356,2.0536716
2021-04-29,1.5,17,1,3.2861447,1.7431889
2021-04-30,0.9,17,1,2.0042953,1.8732448
2021-05-01,6.0,17,1,4.9444304,0.8789313
2021-05-02,4.9,17,1,3.0352392,2.9898987
2021-05-03,0.0,17,1,0.0,1.4521055
2021-05-04,2.6,17,1,3.0083084,0.6403998
2021-05-05,5.3,17,1,3.5413518,4.134188
2021-05-06,10.4,17,1,4.0600567,1.6419725
2021-05-07,13.9,17,1,5.1937275,1.3654785
2021-05-08,0.5,17,1,4.6687307,3.1797361
2021-05-09,2.7,17,1,4.1515284,4.1192813
2021-05-10,0.8,17,1,3.5682244,2.6861155
2021-05-11,0.1,17,1,2.701657,1.8861856
2021-05-12,0.2,17,1,2.07307,1.5457902
2021-05-13,2.6,17,1,3.2668657,1.8654621
2021-05-14,1.4,17,1,4.2757607,1.9446189
2021-05-15,6.4,17,1,5.3198066,2.1408718
2021-05-16,0.7,17,1,4.918477,2.4775417
2021-05-17,10.5,17,1,4.1145535,1.8774934
2021-05-18,14.5,17,1,5.8734345,2.9941869
2021-05-19,4.3,17,1,5.620095,3.2834544
2021-05-20,18.3,17,1,7.985976,2.85784
2021-05-21,19.6,17,1,5.776233,3.1714249
2021-05-22,13.7,17,1,8.789782,2.7835562
2021-05-23,29.0,17,1,7.055931,4.1614857
2021-05-24,25.8,17,1,18.07048,5.569702
2021-05-25,16.3,17,1,10.8754015,7.904647
2021-05-26,70.8,17,1,19.029272,5.7905107
2021-05-27,31.8,17,1,31.954361,7.2420855
2021-05-28,6.4,17,1,10.7048235,7.125498
2021-05-29,0.6,17,1,6.88402,5.076733
2021-05-30,1.4,17,1,4.128509,4.1381283
2021-05-31,0.8,17,1,3.2316623,2.3938313
2021-06-01,0.3,17,1,4.0038676,1.8736904
2021-06-02,1.2,17,1,3.4795222,2.229995
2021-06-03,1.0,17,1,3.7934403,1.5665715
2021-06-04,0.1,17,1,3.1174068,1.6503994
2021-06-05,2.4,17,1,4.8064637,1.5430257
2021-06-06,0.4,17,1,3.7395225,2.290491
2021-06-07,11.6,17,1,5.1134768,0.8476285
2021-06-08,6.2,17,1,9.211093,2.6621294
2021-06-09,0.9,17,1,5.877924,1.9206758
2021-06-10,4.3,17,1,4.6111,1.7260005
2021-06-11,3.9,17,1,9.357073,2.028111
2021-06-12,32.1,17,1,13.473604,2.1210394
2021-06-13,22.6,17,1,10.683531,2.308575
2021-06-14,10.5,17,1,7.6466007,2.671538
2021-06-15,0.3,17,1,4.783371,2.9187603
2021-06-16,1.3,17,1,4.7829804,2.3895879
2021-06-17,7.7,17,1,6.3146725,2.7135444
2021-06-18,0.5,17,1,4.779931,4.0568905
2021-01-01,0.0,18,1,0.0,0.22767217
2021-01-02,0.4,18,1,0.7213037,0.13847174
2021-01-03,0.3,18,1,0.91830444,0.97319925
2021-01-04,0.1,18,1,1.2743251,1.3426561
2021-01-05,2.4,18,1,4.431208,0.7893288
2021-01-06,0.0,18,1,0.0,1.716543
2021-01-07,0.0,18,1,0.035656042,0.5384942
2021-01-08,0.0,18,1,0.004993586,0.33025777
2021-01-09,0.0,18,1,0.0,0.31215718
2021-01-10,0.0,18,1,0.0,0.2284699
2021-01-11,0.0,18,1,0.0,0.16918164
2021-01-12,0.0,18,1,0.0,0.22309904
2021-01-13,0.0,18,1,0.006654299,0.098291166
2021-01-14,0.0,18,1,0.0,0.15428579
2021-01-15,0.0,18,1,0.0,0.26753426
2021-01-16,0.0,18,1,0.0,0.13692676
2021-01-17,0.0,18,1,0.0,0.15667517
2021-01-18,0.0,18,1,0.0,0.11749515
2021-01-19,0.0,18,1,0.01085606,0.031040369
2021-01-20,0.0,18,1,0.0029307362,0.13685203
2021-01-21,0.0,18,1,0.027341358,0.16537122
2021-01-22,1.8,18,1,1.2319999,0.23166773
2021-01-23,3.0,18,1,2.739309,1.9527547
2021-01-24,0.7,18,1,1.6753309,2.3042397
2021-01-25,0.5,18,1,1.1631262,0.54796493
2021-01-26,0.0,18,1,0.0025240658,0.48160458
2021-01-27,0.0,18,1,0.0005928599,0.1317295
2021-01-28,0.0,18,1,0.0,0.10503301
2021-01-29,0.0,18,1,0.012671452,0.1506425
2021-01-30,0.0,18,1,0.0042884983,0.029483546
2021-01-31,0.0,18,1,0.0,0.0635585
2021-02-01,0.0,18,1,0.0,0.027909711
2021-02-02,0.0,18,1,0.0,0.05274209
2021-02-03,0.0,18,1,0.009757285,0.0111778
2021-02-04,0.0,18,1,0.0,0.02391887
2021-02-05,0.0,18,1,0.008415746,0.0014143453
2021-02-06,0.0,18,1,0.00014560265,0.07278015
2021-02-07,0.0,18,1,0.0,0.05584957
2021-02-08,0.0,18,1,0.0,0.06601654
2021-02-09,0.0,18,1,0.0,0.047072913
2021-02-10,0.0,18,1,0.16697735,0.026401171
2021-02-11,1.5,18,1,1.2406743,0.14862311
2021-02-12,1.3,18,1,1.052907,0.8646929
2021-02-13,0.0,18,1,0.0,0.3119169
2021-02-14,0.2,18,1,0.46564066,0.036355734
2021-02-15,0.0,18,1,0.0,0.11318661
2021-02-16,0.0,18,1,0.0,0.08791533
2021-02-17,0.0,18,1,0.0,0.0
2021-02-18,0.0,18,1,0.0,0.0
2021-02-19,0.0,18,1,0.0,0.0
2021-02-20,0.0,18,1,0.0,0.0
2021-02-21,0.0,18,1,0.0,0.0
2021-02-22,0.0,18,1,0.0,0.0
2021-02-23,0.0,18,1,0.03077522,0.0
2021-02-24,0.0,18,1,0.00875374,0.12350725
2021-02-25,0.0,18,1,0.029308759,0.058660146
2021-02-26,0.0,18,1,0.03271315,0.11992765
2021-02-27,0.0,18,1,0.005814833,0.18863142
2021-02-28,0.0,18,1,0.0,0.05621843
2021-03-01,0.0,18,1,0.0,0.07144317
2021-03-02,0.0,18,1,0.014635217,0.025874192
2021-03-03,0.0,18,1,0.0,0.029269291
2021-03-04,0.0,18,1,0.0,0.0
2021-03-05,0.0,18,1,0.0,0.0
2021-03-06,0.0,18,1,0.0,0.0
2021-03-07,0.0,18,1,0.0,0.0
2021-03-08,0.0,18,1,0.0,0.0
2021-03-09,0.0,18,1,0.0,0.0
2021-03-10,0.0,18,1,0.0,0.0
2021-03-11,0.0,18,1,0.0,0.0
2021-03-12,0.0,18,1,0.0,0.0
2021-03-13,0.0,18,1,0.0,0.0
2021-03-14,0.0,18,1,0.0,0.0
2021-03-15,0.0,18,1,0.0,0.002799728
2021-03-16,0.0,18,1,0.0061456533,0.012745334
2021-03-17,0.0,18,1,0.0019503903,0.04869322
2021-03-18,0.0,18,1,0.0902489,0.039214622
2021-03-19,0.1,18,1,0.7360238,0.05885767
2021-03-20,0.2,18,1,0.7091186,0.40480435
2021-03-21,0.2,18,1,0.6787678,0.44696322
2021-03-22,0.0,18,1,0.0,0.1960021
2021-03-23,0.3,18,1,0.35760504,0.0
2021-03-24,0.7,18,1,0.5088352,0.024169369
2021-03-25,0.0,18,1,0.0,0.11061888
2021-03-26,0.0,18,1,0.0,0.0
2021-03-27,0.0,18,1,0.0,0.0
2021-03-28,0.3,18,1,0.73006546,0.0
2021-03-29,0.0,18,1,0.028006792,0.49707663
2021-03-30,0.0,18,1,0.0,0.100215636
2021-03-31,0.0,18,1,0.0,0.16163437
2021-04-01,0.0,18,1,0.0,0.04313699
2021-04-02,1.5,18,1,1.4470882,0.04621201
2021-04-03,3.0,18,1,2.8583946,1.5427759
2021-04-04,0.0,18,1,0.0,0.6354462
2021-04-05,1.9,18,1,1.1193008,0.14281109
2021-04-06,0.0,18,1,0.0,0.33625638
2021-04-07,0.9,18,1,0.8573737,0.009323761
2021-04-08,5.2,18,1,2.4312332,0.46842235
2021-04-09,5.7,18,1,4.6966085,1.3032827
2021-04-10,4.0,18,1,2.1565115,1.5927646
2021-04-11,0.3,18,1,1.7683468,0.4331236
2021-04-12,1.4,18,1,1.3789759,0.2526076
2021-04-13,1.4,18,1,2.8823872,0.5956013
2021-04-14,7.6,18,1,4.489429,1.0628138
2021-04-15,0.4,18,1,6.479859,3.9858036
2021-04-16,15.1,18,1,4.02785,1.4144299
2021-04-17,5.4,18,1,6.599659,3.2339826
2021-04-18,2.6,18,1,3.0691767,2.3146696
2021-04-19,1.9,18,1,2.8156006,1.4452045
2021-04-20,0.4,18,1,4.0114274,2.1279159
2021-04-21,1.0,18,1,3.4724069,1.8204198
2021-04-22,0.9,18,1,3.4901676,2.1967225
2021-04-23,5.9,18,1,3.9994678,1.6151419
2021-04-24,0.8,18,1,4.7094846,2.2280092
2021-04-25,0.2,18,1,2.896401,1.9812853
2021-04-26,1.4,18,1,2.0150955,1.4175055
2021-04-27,1.5,18,1,3.2665,1.725436
2021-04-28,2.8,18,1,3.0264206,1.7494512
2021-04-29,5.6,18,1,3.238062,1.4219246
2021-04-30,1.3,18,1,2.4629085,1.3493624
2021-05-01,5.9,18,1,3.5383234,0.7284262
2021-05-02,12.3,18,1,4.345399,2.302314
2021-05-03,0.5,18,1,1.4180036,1.9532912
2021-05-04,1.0,18,1,2.0850809,0.8383703
2021-05-05,0.0,18,1,0.0,2.3785737
2021-05-06,3.7,18,1,1.588299,0.5260899
2021-05-07,6.1,18,1,2.8207207,1.2159665
2021-05-08,1.9,18,1,4.3223987,1.7944088
2021-05-09,6.5,18,1,5.732169,2.4337835
2021-05-10,1.7,18,1,4.4581366,3.4311404
2021-05-11,0.0,18,1,0.08999888,2.285668
2021-05-12,0.3,18,1,2.0680213,1.1200361
2021-05-13,0.4,18,1,2.365253,1.9633985
2021-05-14,1.2,18,1,2.3263495,1.4867837
2021-05-15,7.8,18,1,3.4240289,1.6396499
2021-05-16,8.4,18,1,9.138392,1.7884529
2021-05-17,5.3,18,1,8.019811,2.283209
2021-05-18,4.1,18,1,5.7804837,2.7846007
2021-05-19,6.4,18,1,6.7714424,2.897803
2021-05-20,22.1,18,1,9.603917,3.2340078
2021-05-21,7.6,18,1,9.631063,3.5340328
2021-05-22,9.5,18,1,5.63113,3.1689005
2021-05-23,16.4,18,1,7.809231,3.2510405
2021-05-24,5.6,18,1,10.1647415,4.2151146
2021-05-25,5.5,18,1,8.237659,5.012373
2021-05-26,10.2,18,1,8.570477,3.624896
2021-05-27,6.6,18,1,8.348292,4.207349
2021-05-28,3.4,18,1,5.1453314,3.5150523
2021-05-29,0.5,18,1,4.818737,3.2118516
2021-05-30,1.9,18,1,4.859087,3.532775
2021-05-31,0.2,18,1,3.274002,3.3611884
2021-06-01,0.9,18,1,3.8363962,2.5235605
2021-06-02,3.7,18,1,4.793679,2.943648
2021-06-03,1.3,18,1,4.8033214,2.8150394
2021-06-04,0.0,18,1,0.25546956,2.8480577
2021-06-05,0.1,18,1,3.242755,1.0312455
2021-06-06,6.8,18,1,3.4675827,2.1778746
2021-06-07,6.6,18,1,5.553138,1.770148
2021-06-08,1.7,18,1,10.441562,2.2591667
2021-06-09,0.9,18,1,3.8064146,2.6831634
2021-06-10,5.6,18,1,3.0804977,1.7479241
2021-06-11,0.6,18,1,4.2805724,2.5370178
2021-06-12,7.2,18,1,6.647857,2.152119
2021-06-13,5.9,18,1,5.269442,2.426282
2021-06-14,0.4,18,1,3.6837463,1.7699172
2021-06-15,0.0,18,1,0.0,2.1733034
2021-06-16,0.6,18,1,2.9099667,1.0666137
2021-06-17,6.1,18,1,3.8949676,1.9991815
2021-06-18,0.1,18,1,3.1867685,2.6975462
2021-01-01,0.0,19,0,0.0,0.0
2021-01-02,0.0,19,0,0.0,0.0
2021-01-03,0.0,19,0,0.0,0.0
2021-01-04,0.0,19,0,0.0,0.12152505
2021-01-05,0.0,19,0,0.0,0.0
2021-01-06,0.0,19,0,0.0,0.10936573
2021-01-07,0.3,19,0,0.49320707,0.0075634406
2021-01-08,0.0,19,0,0.2597576,0.309468
2021-01-09,0.0,19,0,0.048491303,0.049360756
2021-01-10,0.0,19,0,0.0,0.086696796
2021-01-11,0.0,19,0,0.0,0.045665257
2021-01-12,0.0,19,0,0.05693858,0.0
2021-01-13,0.0,19,0,0.003567972,0.0
2021-01-14,0.0,19,0,0.0,0.009801548
2021-01-15,0.0,19,0,0.0,0.0
2021-01-16,0.0,19,0,0.0,0.054498877
2021-01-17,2.2,19,0,0.9539428,0.17280318
2021-01-18,0.0,19,0,0.0,0.1256785
2021-01-19,0.0,19,0,6.260967e-05,0.0
2021-01-20,0.0,19,0,0.0,0.09495121
2021-01-21,0.1,19,0,0.24218167,0.17062566
2021-01-22,0.0,19,0,0.0,0.5930352
2021-01-23,0.0,19,0,0.0,0.22884545
2021-01-24,0.0,19,0,0.0,0.08919326
2021-01-25,0.3,19,0,1.3555584,0.31000003
2021-01-26,0.2,19,0,0.32018802,0.89173186
2021-01-27,0.0,19,0,0.0,0.37273812
2021-01-28,1.1,19,0,0.98871255,0.30897707
2021-01-29,0.0,19,0,0.0,0.40380216
2021-01-30,1.2,19,0,0.5421039,0.07991632
2021-01-31,0.6,19,0,1.0154057,2.474846
2021-02-01,0.1,19,0,0.34683603,0.7883054
2021-02-02,0.0,19,0,0.0,0.45105457
2021-02-03,0.1,19,0,0.2733073,0.1188097
2021-02-04,0.0,19,0,0.0,0.5013559
2021-02-05,0.0,19,0,0.0,0.26224962
2021-02-06,0.0,19,0,0.0,0.3065427
2021-02-07,0.0,19,0,0.0,0.14237243
2021-02-08,0.4,19,0,0.5127208,0.22130422
2021-02-09,14.0,19,0,2.8916883,0.74957275
2021-02-10,0.0,19,0,0.0,2.3049638
2021-02-11,0.0,19,0,0.0,0.23079303
2021-02-12,0.0,19,0,0.0,0.1782119
2021-02-13,0.0,19,0,0.0,0.15866673
2021-02-14,0.0,19,0,0.0,0.07656178
2021-02-15,0.0,19,0,0.0,0.238341
2021-02-16,0.4,19,0,0.49622884,0.12571923
2021-02-17,0.6,19,0,1.3070731,1.007309
2021-02-18,0.0,19,0,0.0,0.46418616
2021-02-19,0.2,19,0,0.1406021,0.21342261
2021-02-20,0.0,19,0,0.0045387987,0.2660249
2021-02-21,0.0,19,0,0.0,0.04662827
2021-02-22,0.0,19,0,0.0,0.12261179
2021-02-23,0.0,19,0,0.0,0.28498474
2021-02-24,0.0,19,0,0.0,0.23988508
2021-02-25,0.1,19,0,0.74229276,0.24659142
2021-02-26,0.3,19,0,0.91124713,1.0159883
2021-02-27,0.4,19,0,1.015322,0.9445996
2021-02-28,0.7,19,0,0.8187555,0.7537888
2021-03-01,0.3,19,0,1.5264666,1.3188775
2021-03-02,0.8,19,0,1.3262539,2.85706
2021-03-03,0.3,19,0,1.2600935,0.32910666
2021-03-04,0.7,19,0,0.6666515,2.188674
2021-03-05,0.4,19,0,1.1520522,1.2203028
2021-03-06,0.4,19,0,1.2856014,1.4205308
2021-03-07,1.1,19,0,1.3220639,1.249321
2021-03-08,0.4,19,0,1.5222514,0.8895024
2021-03-09,1.2,19,0,0.9343096,0.9404409
2021-03-10,0.9,19,0,0.83138907,1.2862067
2021-03-11,0.3,19,0,0.785396,0.5667571
2021-03-12,0.4,19,0,0.39472938,0.67924154
2021-03-13,0.2,19,0,0.3924241,0.7340641
2021-03-14,0.0,19,0,0.0,0.5620847
2021-03-15,0.6,19,0,0.32167813,0.23906548
2021-03-16,0.5,19,0,0.5582229,1.469172
2021-03-17,0.2,19,0,0.62669706,0.8755698
2021-03-18,0.1,19,0,0.66804934,0.8389511
2021-03-19,0.2,19,0,0.6150309,0.9268966
2021-03-20,0.5,19,0,0.7271743,1.3529403
2021-03-21,1.0,19,0,2.3425167,1.1534591
2021-03-22,1.2,19,0,4.478424,0.95182633
2021-03-23,0.0,19,0,0.058286943,0.72147095
2021-03-24,0.0,19,0,0.0,0.29137266
2021-03-25,0.2,19,0,0.31763202,0.51929927
2021-03-26,0.1,19,0,0.5741557,0.69834673
2021-03-27,0.3,19,0,0.35712904,0.65751016
2021-03-28,0.8,19,0,0.5233507,0.5905291
2021-03-29,0.1,19,0,0.3120297,0.64238846
2021-03-30,6.9,19,0,0.24841475,0.7087281
2021-03-31,0.0,19,0,0.014742532,0.64017594
2021-04-01,0.0,19,0,0.0,0.4465602
2021-04-02,0.6,19,0,1.8729296,0.5219438
2021-04-03,0.2,19,0,1.8253326,1.37608
2021-04-04,0.5,19,0,0.95411026,1.0727735
2021-04-05,1.1,19,0,1.250442,0.7284435
2021-04-06,0.0,19,0,0.0,0.9023378
2021-04-07,1.2,19,0,0.60138893,0.3727902
2021-04-08,6.3,19,0,1.2131844,1.2300999
2021-04-09,1.3,19,0,5.40635,1.0226042
2021-04-10,3.3,19,0,2.0615904,1.9905457
2021-04-11,0.3,19,0,1.4723425,0.9025197
2021-04-12,0.5,19,0,0.6402477,0.74072695
2021-04-13,0.1,19,0,0.5037199,0.7642455
2021-04-14,0.3,19,0,0.6525103,0.5081531
2021-04-15,0.3,19,0,0.6563668,0.72892725
2021-04-16,2.2,19,0,1.2682943,0.62552285
2021-04-17,5.1,19,0,3.854031,0.77097
2021-04-18,8.6,19,0,4.104638,1.3617506
2021-04-19,9.9,19,0,4.182703,1.3447511
2021-04-20,1.2,19,0,3.2026052,1.3707461
2021-04-21,1.7,19,0,1.6763315,0.85920286
2021-04-22,0.7,19,0,1.4186292,1.2673662
2021-04-23,0.9,19,0,1.7109141,0.8515897
2021-04-24,0.7,19,0,1.8941615,1.357132
2021-04-25,5.1,19,0,2.594512,1.5465896
2021-04-26,15.1,19,0,4.747936,1.5632682
2021-04-27,15.3,19,0,6.7755365,1.4911797
2021-04-28,10.5,19,0,8.058203,2.7518835
2021-04-29,2.7,19,0,2.557272,2.2165036
2021-04-30,0.0,19,0,0.0,0.8830459
2021-05-01,6.6,19,0,2.4136949,0.5037254
2021-05-02,3.0,19,0,3.8113465,2.033045
2021-05-03,2.3,19,0,3.032827,0.97647643
2021-05-04,0.4,19,0,3.4744215,0.9351592
2021-05-05,19.1,19,0,5.0958652,1.0265753
2021-05-06,2.5,19,0,4.8586044,1.4620316
2021-05-07,0.0,19,0,0.012296528,1.7870133
2021-05-08,0.4,19,0,2.0316231,0.81153595
2021-05-09,0.2,19,0,2.702769,1.573864
2021-05-10,0.0,19,0,0.0,1.0963192
2021-05-11,0.0,19,0,0.0,0.517856
2021-05-12,0.8,19,0,2.2514741,0.47685504
2021-05-13,1.0,19,0,2.6175535,1.2159846
2021-05-14,1.8,19,0,2.2924902,1.1193409
2021-05-15,0.4,19,0,3.2961626,1.180691
2021-05-16,0.4,19,0,2.6614864,1.5649264
2021-05-17,1.6,19,0,3.3503227,1.8097355
2021-05-18,1.2,19,0,2.1212006,1.5706007
2021-05-19,0.3,19,0,2.063849,1.6823449
2021-05-20,0.9,19,0,1.6900313,1.9606781
2021-05-21,0.2,19,0,2.1371417,1.640584
2021-05-22,0.4,19,0,1.9729261,2.096218
2021-05-23,0.0,19,0,0.12134112,1.6390495
2021-05-24,3.4,19,0,4.6213946,1.0886362
2021-05-25,3.9,19,0,5.5521455,2.627775
2021-05-26,0.8,19,0,3.0748348,2.533231
2021-05-27,0.9,19,0,2.3214352,2.048501
2021-05-28,0.2,19,0,3.2272482,1.8531761
2021-05-29,0.0,19,0,0.007774031,2.5468805
2021-05-30,0.0,19,0,0.12095634,1.1158249
2021-05-31,1.5,19,0,1.8527544,0.9745673
2021-06-01,0.1,19,0,2.7826421,2.0643847
2021-06-02,0.5,19,0,1.9671943,2.7209797
2021-06-03,2.8,19,0,1.7930293,1.3129904
2021-06-04,7.9,19,0,1.7165082,1.6518669
2021-06-05,5.7,19,0,4.1155925,0.85486174
2021-06-06,2.9,19,0,3.512507,2.2356992
2021-06-07,8.9,19,0,7.217472,3.048263
2021-06-08,12.8,19,0,10.419714,2.7116857
2021-06-09,10.2,19,0,10.98065,2.6423519
2021-06-10,16.3,19,0,6.0898094,4.0059996
2021-06-11,7.8,19,0,8.000921,3.6691694
2021-06-12,10.8,19,0,6.3708196,4.459719
2021-06-13,7.3,19,0,25.26152,4.6583385
2021-06-14,1.3,19,0,2.5431376,4.9410815
2021-06-15,0.0,19,0,0.0,0.8453946
2021-06-16,0.0,19,0,0.0,0.8356521
2021-06-17,0.0,19,0,0.07430028,0.5808706
2021-06-18,0.0,19,0,0.0,0.630087
2021-01-01,3.6,20,3,7.928399,13.203151
2021-01-02,5.2,20,3,6.782577,11.257329
2021-01-03,0.3,20,3,2.9890845,4.352475
2021-01-04,16.9,20,3,9.9031315,3.3370543
2021-01-05,15.1,20,3,15.467751,9.144188
2021-01-06,6.3,20,3,9.270387,9.307862
2021-01-07,7.0,20,3,4.2318187,11.795399
2021-01-08,8.4,20,3,3.5452085,4.3326054
2021-01-09,8.0,20,3,3.5615997,7.295207
2021-01-10,2.5,20,3,2.307726,3.9859834
2021-01-11,3.9,20,3,2.6979353,4.395335
2021-01-12,1.7,20,3,3.1302438,6.155347
2021-01-13,0.7,20,3,0.7520224,3.5080228
2021-01-14,0.0,20,3,0.0,0.61125994
2021-01-15,0.0,20,3,0.0,0.31339708
2021-01-16,0.0,20,3,0.0,0.18158655
2021-01-17,0.3,20,3,0.707746,0.40998733
2021-01-18,3.6,20,3,1.1101964,0.95583963
2021-01-19,0.4,20,3,2.0215292,3.0660772
2021-01-20,0.0,20,3,0.073373124,4.0114594
2021-01-21,0.2,20,3,1.6765699,0.32772592
2021-01-22,0.5,20,3,0.92035353,2.3894668
2021-01-23,0.0,20,3,0.022414742,0.51539457
2021-01-24,0.0,20,3,0.0,0.4281641
2021-01-25,0.0,20,3,0.0,0.26794502
2021-01-26,0.0,20,3,0.033725556,0.20526512
2021-01-27,0.0,20,3,0.057152048,0.3999851
2021-01-28,0.5,20,3,1.1149192,0.33959654
2021-01-29,0.5,20,3,0.8350402,1.6840453
2021-01-30,0.2,20,3,0.79008126,1.0479481
2021-01-31,1.4,20,3,1.5060153,1.1795335
2021-02-01,0.0,20,3,0.0,2.2339737
2021-02-02,0.0,20,3,0.0,0.15427597
2021-02-03,0.9,20,3,0.6491784,0.2192261
2021-02-04,0.2,20,3,0.59850466,1.633955
2021-02-05,0.1,20,3,0.34415442,0.55147636
2021-02-06,0.0,20,3,0.0,0.508206
2021-02-07,0.0,20,3,0.016843945,0.3369533
2021-02-08,0.2,20,3,1.3856573,0.43432698
2021-02-09,0.0,20,3,0.0,1.4581401
2021-02-10,0.0,20,3,0.11220276,0.3093084
2021-02-11,0.0,20,3,0.018985473,0.5329114
2021-02-12,0.0,20,3,0.03378842,0.2378268
2021-02-13,0.0,20,3,0.0,0.29533714
2021-02-14,0.0,20,3,0.0,0.2017669
2021-02-15,0.0,20,3,0.0,0.12702343
2021-02-16,0.0,20,3,0.0,0.15119769
2021-02-17,0.1,20,3,0.5015707,0.100229666
2021-02-18,1.5,20,3,2.468526,0.4538798
2021-02-19,4.6,20,3,3.0958152,3.6788888
2021-02-20,0.6,20,3,1.7522683,3.6808872
2021-02-21,0.1,20,3,0.37659672,0.9302757
2021-02-22,0.0,20,3,0.0,0.15334684
2021-02-23,0.0,20,3,0.0,0.080050856
2021-02-24,0.0,20,3,0.0,0.124533765
2021-02-25,0.0,20,3,0.0,0.097543105
2021-02-26,0.0,20,3,0.027428227,0.090606146
2021-02-27,0.0,20,3,0.00456076,0.15933952
2021-02-28,1.1,20,3,1.5494564,0.20010327
2021-03-01,0.4,20,3,2.095826,2.5312457
2021-03-02,0.4,20,3,0.71046424,1.1731513
2021-03-03,0.3,20,3,1.1945271,0.73768675
2021-03-04,0.0,20,3,0.010233697,0.73474336
2021-03-05,0.0,20,3,0.0,0.27777097
2021-03-06,0.0,20,3,0.0,0.13861287
2021-03-07,0.1,20,3,0.34325135,0.09693383
2021-03-08,0.6,20,3,0.6579797,0.6202915
2021-03-09,0.5,20,3,0.77742493,0.6468333
2021-03-10,0.1,20,3,0.41875446,0.79842305
2021-03-11,0.1,20,3,0.372641,0.3043851
2021-03-12,0.0,20,3,0.0,0.4822591
2021-03-13,0.0,20,3,0.0,0.20728096
2021-03-14,0.1,20,3,0.38155317,0.1683925
2021-03-15,0.0,20,3,0.0,0.56690764
2021-03-16,0.0,20,3,0.0,0.21675031
2021-03-17,0.0,20,3,0.0,0.15333803
2021-03-18,0.0,20,3,0.0,0.09427189
2021-03-19,0.0,20,3,0.0,0.3477578
2021-03-20,0.1,20,3,1.0052941,0.26602197
2021-03-21,0.4,20,3,1.0169015,1.4619899
2021-03-22,3.1,20,3,3.877769,0.9737717
2021-03-23,9.3,20,3,5.3738747,2.711518
2021-03-24,10.7,20,3,8.129608,4.7503715
2021-03-25,7.3,20,3,4.353116,2.665863
2021-03-26,1.9,20,3,4.103035,1.1317472
2021-03-27,0.2,20,3,2.0390537,0.8131808
2021-03-28,0.0,20,3,0.04315021,0.92164886
2021-03-29,0.0,20,3,0.0070312098,0.42099136
2021-03-30,0.0,20,3,0.012233863,0.2463181
2021-03-31,0.0,20,3,0.0048361197,0.28442422
2021-04-01,0.0,20,3,0.0,0.2818323
2021-04-02,0.0,20,3,0.0,0.33161962
2021-04-03,0.8,20,3,1.0481415,0.340417
2021-04-04,0.1,20,3,1.15786,1.276617
2021-04-05,0.1,20,3,0.5192807,0.83221495
2021-04-06,0.0,20,3,0.0,0.28092265
2021-04-07,0.0,20,3,0.0,0.28171656
2021-04-08,0.7,20,3,0.58631504,0.2169489
2021-04-09,0.1,20,3,0.9037218,0.873011
2021-04-10,2.3,20,3,1.4990914,0.7128036
2021-04-11,0.2,20,3,1.3880804,1.2656915
2021-04-12,0.8,20,3,0.556957,0.41191116
2021-04-13,0.2,20,3,0.84932446,0.69657207
2021-04-14,0.0,20,3,0.0,1.0437074
2021-04-15,0.0,20,3,0.0,0.2489562
2021-04-16,0.4,20,3,1.1669786,0.44545764
2021-04-17,0.0,20,3,0.0,1.0989852
2021-04-18,0.1,20,3,0.76943505,0.16686103
2021-04-19,3.9,20,3,1.0223734,0.69297254
2021-04-20,16.3,20,3,4.265658,1.3884275
2021-04-21,10.2,20,3,6.610774,2.9096181
2021-04-22,6.3,20,3,4.1440363,3.4278584
2021-04-23,10.1,20,3,7.951686,1.7950001
2021-04-24,1.4,20,3,3.7332268,7.270705
2021-04-25,1.1,20,3,2.3895564,1.4523964
2021-04-26,1.1,20,3,2.1949959,1.7938421
2021-04-27,5.5,20,3,2.1942785,2.37047
2021-04-28,0.1,20,3,1.954443,1.5577998
2021-04-29,0.9,20,3,1.2810287,0.65169644
2021-04-30,0.0,20,3,0.0,2.1449802
2021-05-01,0.2,20,3,1.4167795,0.4064953
2021-05-02,0.2,20,3,1.4922569,1.9609768
2021-05-03,0.1,20,3,1.0478911,1.0939701
2021-05-04,0.3,20,3,1.0715044,0.9846345
2021-05-05,2.2,20,3,1.6465797,1.1087
2021-05-06,28.5,20,3,8.051318,1.7871003
2021-05-07,5.7,20,3,7.1574965,3.453721
2021-05-08,0.1,20,3,3.0401397,1.9364767
2021-05-09,0.0,20,3,0.028382722,1.353694
2021-05-10,0.2,20,3,1.8303437,0.5737039
2021-05-11,0.1,20,3,1.6948683,1.3047516
2021-05-12,0.1,20,3,1.1718183,1.5414851
2021-05-13,0.0,20,3,0.040171996,0.8433857
2021-05-14,0.2,20,3,1.5380399,0.70069647
2021-05-15,0.8,20,3,1.4014609,1.5801804
2021-05-16,0.3,20,3,1.3647652,1.5988798
2021-05-17,4.4,20,3,2.7951372,0.9520935
2021-05-18,4.3,20,3,3.4286032,2.5652742
2021-05-19,1.2,20,3,4.518935,1.2006567
2021-05-20,1.2,20,3,2.9837117,1.7802744
2021-05-21,2.3,20,3,3.2089705,1.2017558
2021-05-22,8.7,20,3,3.684143,1.4525099
2021-05-23,14.0,20,3,16.838156,2.2487388
2021-05-24,9.6,20,3,13.828332,4.652895
2021-05-25,3.0,20,3,14.361238,3.249106
2021-05-26,4.7,20,3,6.458303,3.3449202
2021-05-27,5.3,20,3,7.522646,2.458064
2021-05-28,0.3,20,3,4.399776,3.0914493
2021-05-29,2.5,20,3,2.419768,1.1278841
2021-05-30,1.6,20,3,3.3073306,2.3199215
2021-05-31,1.4,20,3,2.4730628,1.8161137
2021-06-01,1.2,20,3,1.8690708,1.2343302
2021-06-02,3.0,20,3,2.4314592,1.2520857
2021-06-03,3.1,20,3,2.1296868,1.4280889
2021-06-04,15.2,20,3,3.0480447,0.86686754
2021-06-05,1.6,20,3,4.031144,1.4592996
2021-06-06,23.5,20,3,2.1534214,2.1189063
2021-06-07,13.1,20,3,8.894234,0.90832496
2021-06-08,6.0,20,3,4.89241,7.742915
2021-06-09,1.0,20,3,4.74736,4.2796526
2021-06-10,0.0,20,3,0.07718315,3.9950547
2021-06-11,0.0,20,3,0.03574145,1.0774562
2021-06-12,0.1,20,3,0.980314,0.8372692
2021-06-13,0.1,20,3,0.59773743,1.0788708
2021-06-14,0.1,20,3,0.61274683,0.66826963
2021-06-15,1.1,20,3,0.57210124,0.4407591
2021-06-16,2.8,20,3,3.2841616,0.85837543
2021-06-17,3.7,20,3,2.609499,2.2207708
2021-06-18,1.9,20,3,3.9013972,1.0905638
2021-01-01,3.7,21,3,7.3826885,9.345091
2021-01-02,5.9,21,3,6.7039375,7.9431057
2021-01-03,1.9,21,3,5.5742044,4.0955124
2021-01-04,28.0,21,3,11.152409,6.8804007
2021-01-05,21.7,21,3,12.581815,9.11726
2021-01-06,8.8,21,3,13.329822,11.277756
2021-01-07,7.0,21,3,5.3565044,15.024746
2021-01-08,7.8,21,3,3.8842468,7.9068146
2021-01-09,7.2,21,3,2.9189737,5.603711
2021-01-10,1.9,21,3,2.0562246,5.0515637
2021-01-11,3.0,21,3,2.5954213,3.6177502
2021-01-12,2.0,21,3,1.9339402,9.495551
2021-01-13,0.9,21,3,0.62459445,5.625637
2021-01-14,0.3,21,3,0.4774843,0.6745616
2021-01-15,0.0,21,3,0.0,0.74580944
2021-01-16,0.3,21,3,0.7798338,0.18892708
2021-01-17,0.4,21,3,0.90709734,2.3760805
2021-01-18,2.2,21,3,0.8436415,1.4726665
2021-01-19,0.4,21,3,3.0923285,3.0583153
2021-01-20,0.0,21,3,0.15137736,2.58488
2021-01-21,0.1,21,3,1.5815253,0.44041535
2021-01-22,0.4,21,3,0.94874394,1.783412
2021-01-23,0.0,21,3,0.061123263,0.4798731
2021-01-24,0.0,21,3,0.0,0.27041623
2021-01-25,0.0,21,3,0.0,0.20512742
2021-01-26,0.0,21,3,0.017224086,0.15357283
2021-01-27,0.0,21,3,0.048111103,0.24986793
2021-01-28,0.4,21,3,1.612571,0.24688399
2021-01-29,1.0,21,3,1.3762605,2.186561
2021-01-30,0.2,21,3,0.93649364,1.7758257
2021-01-31,1.5,21,3,2.193638,1.0833061
2021-02-01,0.0,21,3,0.041594166,2.9928935
2021-02-02,0.0,21,3,0.0,0.110588364
2021-02-03,2.5,21,3,1.0045452,0.15000793
2021-02-04,0.1,21,3,0.98384845,2.4555595
2021-02-05,0.1,21,3,0.39800742,0.76744676
2021-02-06,0.0,21,3,0.0,0.827088
2021-02-07,0.0,21,3,0.0023686867,0.3307336
2021-02-08,0.0,21,3,0.0,0.45167553
2021-02-09,0.1,21,3,0.36323747,0.16670594
2021-02-10,0.1,21,3,0.8967401,0.28020084
2021-02-11,0.0,21,3,0.077538535,1.3975074
2021-02-12,0.2,21,3,0.65951586,0.36164093
2021-02-13,0.0,21,3,0.0,1.3478851
2021-02-14,0.0,21,3,0.0,0.27304563
2021-02-15,0.0,21,3,0.0,0.15358177
2021-02-16,0.0,21,3,0.0,0.1278118
2021-02-17,0.1,21,3,0.41093677,0.054775346
2021-02-18,2.6,21,3,3.4130874,0.77273846
2021-02-19,5.5,21,3,4.684529,4.0814195
2021-02-20,1.3,21,3,1.8975582,5.0885377
2021-02-21,0.6,21,3,0.66945255,1.0614607
2021-02-22,0.0,21,3,0.0018752707,0.37837538
2021-02-23,0.0,21,3,0.0,0.030114787
2021-02-24,0.0,21,3,0.0,0.13536264
2021-02-25,0.0,21,3,0.0,0.07985664
2021-02-26,0.0,21,3,0.013389862,0.043695606
2021-02-27,0.0,21,3,0.038911488,0.08504539
2021-02-28,0.3,21,3,1.2416761,0.1390429
2021-03-01,0.1,21,3,1.5615261,1.9394121
2021-03-02,0.1,21,3,0.5874753,0.7420533
2021-03-03,1.2,21,3,1.8612154,0.8820137
2021-03-04,0.1,21,3,0.74306536,1.6353979
2021-03-05,0.1,21,3,0.31249067,0.28041482
2021-03-06,0.0,21,3,0.0,0.33620173
2021-03-07,0.1,21,3,0.37376636,0.13691214
2021-03-08,0.9,21,3,1.2893639,0.6869997
2021-03-09,0.7,21,3,1.1969528,1.6071863
2021-03-10,0.5,21,3,0.5225768,1.314513
2021-03-11,1.0,21,3,0.5214331,0.5275781
2021-03-12,0.3,21,3,0.9027654,0.8809321
2021-03-13,0.4,21,3,0.6907333,1.0883541
2021-03-14,0.2,21,3,0.5657071,1.0593443
2021-03-15,0.1,21,3,0.33497998,0.8650936
2021-03-16,0.1,21,3,0.3882039,0.27697295
2021-03-17,0.0,21,3,0.0,0.26579288
2021-03-18,0.0,21,3,0.0058243815,0.14394076
2021-03-19,0.0,21,3,0.0,0.3885205
2021-03-20,0.3,21,3,0.84427655,0.20602126
2021-03-21,0.5,21,3,0.95085704,1.0365608
2021-03-22,3.3,21,3,4.929534,1.2296233
2021-03-23,11.4,21,3,19.206732,6.6842327
2021-03-24,11.4,21,3,12.412414,10.668253
2021-03-25,8.2,21,3,9.177377,4.0773706
2021-03-26,3.7,21,3,8.022929,1.9405096
2021-03-27,0.3,21,3,3.1834779,2.2645414
2021-03-28,0.1,21,3,1.2524779,0.6355125
2021-03-29,0.0,21,3,0.0,0.53422153
2021-03-30,0.0,21,3,0.0,0.27372137
2021-03-31,0.0,21,3,0.003975474,0.29897255
2021-04-01,0.0,21,3,0.0,0.28792277
2021-04-02,0.0,21,3,0.0,0.33343926
2021-04-03,0.7,21,3,0.9939456,0.26048878
2021-04-04,0.2,21,3,1.0621178,0.9288441
2021-04-05,0.5,21,3,0.55360603,0.7964523
2021-04-06,0.1,21,3,0.57651067,0.34879318
2021-04-07,0.1,21,3,0.53923035,0.58597267
2021-04-08,1.2,21,3,0.7247231,0.6288594
2021-04-09,1.0,21,3,1.3611267,0.6751728
2021-04-10,4.4,21,3,3.6393557,0.8532324
2021-04-11,0.8,21,3,2.000709,2.5458794
2021-04-12,0.9,21,3,1.3273249,0.9214263
2021-04-13,1.2,21,3,1.7339163,0.7874783
2021-04-14,0.0,21,3,0.0,1.0877693
2021-04-15,0.1,21,3,1.0395675,0.22066739
2021-04-16,0.2,21,3,1.4503224,0.91647863
2021-04-17,0.0,21,3,0.0,0.8731513
2021-04-18,0.0,21,3,0.0,0.15977459
2021-04-19,6.3,21,3,1.6583033,0.38393924
2021-04-20,16.8,21,3,4.328362,1.8763468
2021-04-21,22.8,21,3,6.5311713,1.96245
2021-04-22,11.4,21,3,4.5700727,2.9014742
2021-04-23,12.2,21,3,8.866025,4.037815
2021-04-24,2.8,21,3,3.8668694,6.097014
2021-04-25,1.7,21,3,4.466251,2.590264
2021-04-26,2.2,21,3,5.8804383,2.5743043
2021-04-27,4.8,21,3,6.2669597,5.0138826
2021-04-28,0.5,21,3,3.7345781,4.0036054
2021-04-29,1.7,21,3,1.4671502,1.0964773
2021-04-30,0.1,21,3,1.042203,2.0496395
2021-05-01,0.9,21,3,1.5085707,0.544258
2021-05-02,1.1,21,3,2.1840572,1.9937727
2021-05-03,0.1,21,3,1.7716641,1.026247
2021-05-04,0.1,21,3,1.7486033,0.91100657
2021-05-05,3.1,21,3,1.9149904,1.0106173
2021-05-06,29.6,21,3,7.4844503,2.4719443
2021-05-07,5.5,21,3,9.462106,2.5028915
2021-05-08,0.9,21,3,5.311516,1.6369245
2021-05-09,0.0,21,3,0.1214359,1.9417026
2021-05-10,0.0,21,3,0.012431993,0.46798995
2021-05-11,0.1,21,3,1.5003908,0.39504525
2021-05-12,0.0,21,3,0.0,1.0966768
2021-05-13,0.1,21,3,2.1834388,0.4700273
2021-05-14,1.3,21,3,4.3639493,2.02796
2021-05-15,3.6,21,3,3.672904,2.771982
2021-05-16,1.2,21,3,5.77096,1.5823102
2021-05-17,7.5,21,3,6.438958,1.7797885
2021-05-18,9.3,21,3,7.435276,3.5180097
2021-05-19,1.7,21,3,8.336823,1.6813817
2021-05-20,1.3,21,3,3.419613,2.5042515
2021-05-21,2.1,21,3,2.879184,1.1150782
2021-05-22,6.6,21,3,4.1072984,1.8148792
2021-05-23,21.5,21,3,7.445529,1.6368351
2021-05-24,20.6,21,3,10.058741,3.4162269
2021-05-25,14.1,21,3,8.716402,4.150015
2021-05-26,13.1,21,3,6.710902,3.0061245
2021-05-27,2.3,21,3,9.113531,3.927568
2021-05-28,0.2,21,3,3.3776345,3.9242153
2021-05-29,1.8,21,3,2.1858513,1.0817258
2021-05-30,3.1,21,3,4.2200947,1.4195371
2021-05-31,1.6,21,3,4.292359,2.876232
2021-06-01,2.2,21,3,3.1562548,1.7187145
2021-06-02,2.3,21,3,4.6170015,1.5099511
2021-06-03,1.9,21,3,2.774585,1.9492238
2021-06-04,4.1,21,3,2.0094123,0.9494581
2021-06-05,0.8,21,3,4.6655893,0.7712381
2021-06-06,12.4,21,3,1.9663076,2.4048467
2021-06-07,7.3,21,3,3.8203506,1.1981282
2021-06-08,3.9,21,3,2.9961796,2.5563552
2021-06-09,0.7,21,3,2.8893054,2.724536
2021-06-10,0.2,21,3,1.2411997,1.9047351
2021-06-11,0.3,21,3,1.2467434,1.2777882
2021-06-12,0.3,21,3,1.0968902,1.6681051
2021-06-13,0.1,21,3,0.66834843,1.240145
2021-06-14,0.1,21,3,0.35714236,0.61929286
2021-06-15,0.7,21,3,0.7707356,0.42591435
2021-06-16,2.8,21,3,3.1348324,1.2805862
2021-06-17,4.2,21,3,1.917537,2.0686288
2021-06-18,2.1,21,3,2.3221893,1.0397294
2021-01-01,0.0,22,3,0.0,0.16464746
2021-01-02,0.0,22,3,0.0,0.22925012
2021-01-03,0.0,22,3,0.0,0.18761915
2021-01-04,3.4,22,3,0.6504173,0.21962391
2021-01-05,0.8,22,3,1.9428875,0.68339777
2021-01-06,0.0,22,3,0.0,1.0461135
2021-01-07,0.0,22,3,0.0,0.33093148
2021-01-08,0.0,22,3,0.0,0.09173047
2021-01-09,0.0,22,3,0.0,0.11543873
2021-01-10,0.0,22,3,0.0,0.05618997
2021-01-11,0.0,22,3,0.0,0.09806154
2021-01-12,0.0,22,3,0.0,0.048281
2021-01-13,0.0,22,3,0.0,0.034266252
2021-01-14,0.0,22,3,0.0,0.016182987
2021-01-15,0.0,22,3,0.0,0.039593905
2021-01-16,0.0,22,3,0.0,0.05285693
2021-01-17,0.0,22,3,0.0,0.047476415
2021-01-18,0.0,22,3,0.0,0.037747018
2021-01-19,0.0,22,3,0.0,0.0
2021-01-20,0.0,22,3,0.0,0.10130313
2021-01-21,0.0,22,3,0.11709001,0.14421523
2021-01-22,2.4,22,3,0.91496074,0.20360635
2021-01-23,4.4,22,3,2.4259953,0.951646
2021-01-24,1.8,22,3,1.2628031,1.1569772
2021-01-25,0.0,22,3,0.0,0.31867763
2021-01-26,0.0,22,3,0.0,0.058409534
2021-01-27,0.4,22,3,0.3861624,0.011599664
2021-01-28,0.0,22,3,0.0,0.2983948
2021-01-29,0.0,22,3,0.0,0.033740412
2021-01-30,0.0,22,3,0.0,0.0
2021-01-31,0.0,22,3,0.0,0.0
2021-02-01,0.0,22,3,0.0,0.0
2021-02-02,0.0,22,3,0.0,0.03091292
2021-02-03,0.0,22,3,0.0,0.0
2021-02-04,0.0,22,3,0.0,0.0
2021-02-05,0.0,22,3,0.0,0.0
2021-02-06,0.0,22,3,0.0,0.012017482
2021-02-07,0.1,22,3,0.4619182,0.0
2021-02-08,0.0,22,3,0.0,0.33323693
2021-02-09,0.0,22,3,0.0,0.055010498
2021-02-10,0.1,22,3,0.6491624,0.003100902
2021-02-11,0.9,22,3,1.3968036,0.3422635
2021-02-12,0.3,22,3,1.0182557,0.2909242
2021-02-13,0.0,22,3,0.0,0.16696842
2021-02-14,0.0,22,3,0.0,0.0
2021-02-15,0.0,22,3,0.0,0.0
2021-02-16,0.0,22,3,0.0,0.0
2021-02-17,0.0,22,3,0.0,0.0
2021-02-18,0.0,22,3,0.0,0.0
2021-02-19,0.0,22,3,0.0025477612,0.0
2021-02-20,0.0,22,3,0.0009990518,0.0
2021-02-21,0.0,22,3,0.0,0.0
2021-02-22,0.0,22,3,0.0,0.0
2021-02-23,0.0,22,3,0.0,0.0
2021-02-24,0.0,22,3,0.0,0.0027095969
2021-02-25,0.0,22,3,0.0,0.01883416
2021-02-26,0.0,22,3,0.0,0.08446608
2021-02-27,0.0,22,3,0.0,0.1447886
2021-02-28,0.0,22,3,0.0,0.05054857
2021-03-01,0.0,22,3,0.0057753744,0.040033452
2021-03-02,0.0,22,3,0.0,0.07405548
2021-03-03,0.0,22,3,0.0,0.027978823
2021-03-04,0.0,22,3,0.0,0.0
2021-03-05,0.0,22,3,0.0,0.0
2021-03-06,0.0,22,3,0.0,0.0
2021-03-07,0.0,22,3,0.0,0.0
2021-03-08,0.0,22,3,0.0,0.0
2021-03-09,0.0,22,3,0.0,0.0
2021-03-10,0.0,22,3,0.0,0.0
2021-03-11,0.0,22,3,0.0,0.0
2021-03-12,0.0,22,3,0.0,0.011138987
2021-03-13,0.0,22,3,0.0,0.0
2021-03-14,0.0,22,3,0.0,0.0
2021-03-15,0.0,22,3,0.0,0.013756095
2021-03-16,0.0,22,3,0.0,0.014581228
2021-03-17,0.0,22,3,0.0,0.0393436
2021-03-18,0.0,22,3,0.0020862345,0.015340698
2021-03-19,0.0,22,3,0.008302395,0.018045621
2021-03-20,0.0,22,3,0.04099485,0.03402302
2021-03-21,0.0,22,3,0.040572293,0.06297898
2021-03-22,0.0,22,3,0.0,0.044258375
2021-03-23,0.0,22,3,0.010197474,0.0
2021-03-24,0.0,22,3,0.0,0.020466845
2021-03-25,0.0,22,3,0.0,0.034972724
2021-03-26,0.1,22,3,0.30199364,0.013482531
2021-03-27,0.0,22,3,0.0,0.11766721
2021-03-28,0.0,22,3,0.0,0.0
2021-03-29,0.0,22,3,0.006743157,0.0
2021-03-30,0.2,22,3,0.7043326,0.000817753
2021-03-31,0.0,22,3,0.0,0.1963458
2021-04-01,0.0,22,3,0.18890032,0.066803955
2021-04-02,3.0,22,3,1.6131871,0.28603125
2021-04-03,0.3,22,3,2.1265302,0.49158183
2021-04-04,0.0,22,3,0.0,0.23262681
2021-04-05,0.0,22,3,0.0,0.0
2021-04-06,0.0,22,3,0.0,0.0
2021-04-07,0.0,22,3,0.0,0.0
2021-04-08,20.9,22,3,1.3187509,0.0
2021-04-09,4.6,22,3,4.338292,0.83463824
2021-04-10,0.0,22,3,0.0,0.4815973
2021-04-11,0.0,22,3,0.0,0.021922564
2021-04-12,2.4,22,3,0.70955026,0.0
2021-04-13,0.9,22,3,2.5314043,0.22024772
2021-04-14,1.9,22,3,2.1311283,0.34249324
2021-04-15,5.0,22,3,2.538885,0.5001242
2021-04-16,15.5,22,3,4.2522125,0.50016534
2021-04-17,0.3,22,3,1.7664304,1.2487221
2021-04-18,0.0,22,3,0.0,0.060554616
2021-04-19,12.5,22,3,2.0399714,0.06518436
2021-04-20,2.5,22,3,3.5603952,3.4949303
2021-04-21,13.6,22,3,4.9783354,0.8582984
2021-04-22,19.8,22,3,8.390785,4.146679
2021-04-23,19.2,22,3,5.328439,2.7371829
2021-04-24,3.4,22,3,4.190328,3.0348964
2021-04-25,2.1,22,3,3.7615395,3.1675558
2021-04-26,4.0,22,3,2.8822682,3.9318066
2021-04-27,3.9,22,3,3.9329967,2.002808
2021-04-28,5.0,22,3,2.2610986,2.310509
2021-04-29,6.0,22,3,3.452385,1.3902822
2021-04-30,0.1,22,3,1.6833622,4.325752
2021-05-01,0.0,22,3,0.0,0.4999046
2021-05-02,0.0,22,3,0.0,0.498791
2021-05-03,0.0,22,3,0.0,0.24555436
2021-05-04,0.1,22,3,0.8740629,0.3018498
2021-05-05,0.0,22,3,0.0,0.9549775
2021-05-06,1.2,22,3,2.3311348,0.25549796
2021-05-07,0.0,22,3,0.0,3.148676
2021-05-08,0.4,22,3,1.9330428,0.32369435
2021-05-09,2.2,22,3,3.7384105,3.381855
2021-05-10,1.0,22,3,3.343008,2.6912396
2021-05-11,0.0,22,3,0.038214065,1.4287074
2021-05-12,2.3,22,3,1.7091494,0.51886725
2021-05-13,2.6,22,3,3.0206847,1.704015
2021-05-14,2.7,22,3,4.7162485,2.186279
2021-05-15,1.6,22,3,3.1692348,3.265338
2021-05-16,3.2,22,3,3.6822915,1.2692871
2021-05-17,22.0,22,3,7.316903,3.0845237
2021-05-18,1.2,22,3,6.102919,4.837861
2021-05-19,9.7,22,3,4.7309885,2.326771
2021-05-20,10.6,22,3,7.046832,5.121598
2021-05-21,10.9,22,3,9.540958,3.2559958
2021-05-22,3.0,22,3,6.695818,4.5443535
2021-05-23,9.5,22,3,6.469172,3.805725
2021-05-24,21.3,22,3,19.006105,3.5737753
2021-05-25,42.9,22,3,38.904415,7.2757406
2021-05-26,3.1,22,3,16.833662,6.6213217
2021-05-27,4.6,22,3,5.7316165,4.9399834
2021-05-28,3.0,22,3,4.450097,3.020677
2021-05-29,0.6,22,3,3.211895,1.7709224
2021-05-30,0.3,22,3,1.7398615,1.8056445
2021-05-31,4.2,22,3,1.8874466,0.7732401
2021-06-01,3.7,22,3,3.9201684,1.511729
2021-06-02,1.2,22,3,4.408381,2.3286736
2021-06-03,0.8,22,3,2.9070127,1.5924804
2021-06-04,0.1,22,3,1.5196762,1.1203847
2021-06-05,0.4,22,3,2.1635377,0.50418246
2021-06-06,2.1,22,3,2.0082834,1.2003682
2021-06-07,1.1,22,3,2.653261,0.70553386
2021-06-08,1.8,22,3,3.945372,0.90992725
2021-06-09,0.4,22,3,2.4142723,1.1685255
2021-06-10,1.1,22,3,1.5596123,0.5933403
2021-06-11,2.7,22,3,2.0457146,0.5128484
2021-06-12,0.4,22,3,3.805687,1.0832837
2021-06-13,0.9,22,3,2.0791736,1.582516
2021-06-14,1.2,22,3,1.3539364,0.4753502
2021-06-15,1.4,22,3,1.4789495,0.5716195
2021-06-16,2.1,22,3,1.6758962,0.6143435
2021-06-17,0.4,22,3,1.5631378,0.8457421
2021-06-18,0.4,22,3,1.104547,0.70295346
2021-01-01,0.0,23,2,0.0,0.095042385
2021-01-02,0.0,23,2,0.0,0.095620625
2021-01-03,0.0,23,2,0.0039337743,0.1327692
2021-01-04,0.0,23,2,0.0019034086,0.031162426
2021-01-05,0.1,23,2,0.37448847,0.13395943
2021-01-06,0.0,23,2,0.0,0.25509563
2021-01-07,0.0,23,2,0.0,0.04883837
2021-01-08,0.0,23,2,0.0,0.12034472
2021-01-09,0.0,23,2,0.0,0.010365555
2021-01-10,0.0,23,2,0.007363116,0.039296146
2021-01-11,0.0,23,2,0.0018073148,0.06034035
2021-01-12,0.0,23,2,0.021616355,0.03891202
2021-01-13,0.0,23,2,0.02044863,0.0
2021-01-14,0.0,23,2,0.012073422,0.0919425
2021-01-15,0.0,23,2,0.017056901,0.0
2021-01-16,0.0,23,2,0.013995794,0.034620043
2021-01-17,0.0,23,2,0.0027399694,0.08966956
2021-01-18,0.0,23,2,0.023178652,0.03344458
2021-01-19,0.0,23,2,0.018472163,0.0
2021-01-20,0.0,23,2,0.015552734,0.022806037
2021-01-21,0.5,23,2,0.81782174,0.071846165
2021-01-22,2.4,23,2,0.8437197,0.7417759
2021-01-23,0.1,23,2,1.1482494,0.5811585
2021-01-24,0.0,23,2,0.07474383,0.44474736
2021-01-25,0.0,23,2,0.02785311,0.23517591
2021-01-26,0.0,23,2,0.012671466,0.040093083
2021-01-27,0.0,23,2,0.009998365,0.0
2021-01-28,0.0,23,2,0.01419031,0.10620867
2021-01-29,0.0,23,2,0.020133045,0.0
2021-01-30,0.0,23,2,0.011817739,0.0
2021-01-31,0.0,23,2,0.015565502,0.0
2021-02-01,0.0,23,2,0.02259512,0.013830784
2021-02-02,0.0,23,2,0.00642593,0.026970651
2021-02-03,0.0,23,2,0.013325301,0.0
2021-02-04,0.0,23,2,0.016914027,0.0
2021-02-05,0.0,23,2,0.0150616225,0.0
2021-02-06,0.0,23,2,0.004656637,0.013697002
2021-02-07,0.0,23,2,0.009350527,0.0
2021-02-08,0.0,23,2,0.01900524,0.050594907
2021-02-09,0.1,23,2,0.5422993,0.02462157
2021-02-10,0.5,23,2,0.7469443,0.33035555
2021-02-11,0.7,23,2,0.93110955,0.50994706
2021-02-12,0.0,23,2,0.021803161,0.36868653
2021-02-13,0.0,23,2,0.013473074,0.0
2021-02-14,0.0,23,2,0.027113527,0.003797931
2021-02-15,0.0,23,2,0.05932879,0.08608345
2021-02-16,0.0,23,2,0.021578183,0.069904484
2021-02-17,0.0,23,2,0.012163665,0.013197926
2021-02-18,0.0,23,2,0.023098731,0.0
2021-02-19,0.0,23,2,0.034362603,0.0
2021-02-20,0.0,23,2,0.02956627,0.0
2021-02-21,0.0,23,2,0.017222196,0.0
2021-02-22,0.0,23,2,0.031966478,0.0
2021-02-23,0.0,23,2,0.034415018,0.0
2021-02-24,0.0,23,2,0.0347458,0.013958055
2021-02-25,0.0,23,2,0.084245965,0.0
2021-02-26,0.0,23,2,0.06656795,0.082607225
2021-02-27,0.0,23,2,0.018687759,0.045129016
2021-02-28,0.0,23,2,0.013732623,0.0
2021-03-01,0.4,23,2,0.8422961,0.07439579
2021-03-02,0.3,23,2,0.55288136,0.4910654
2021-03-03,0.0,23,2,0.019526273,0.23363045
2021-03-04,0.0,23,2,0.018364869,0.025341744
2021-03-05,0.0,23,2,0.0033068324,0.005049658
2021-03-06,0.0,23,2,0.035492744,0.0
2021-03-07,0.0,23,2,0.0018025432,0.0
2021-03-08,0.0,23,2,0.0087445965,0.0
2021-03-09,0.0,23,2,0.014259846,0.08629348
2021-03-10,0.0,23,2,0.01327547,0.011754034
2021-03-11,0.0,23,2,0.015744083,0.03241369
2021-03-12,0.0,23,2,0.0002380661,0.0
2021-03-13,0.0,23,2,0.00935998,0.0
2021-03-14,0.0,23,2,0.0080136955,0.028841287
2021-03-15,0.0,23,2,0.032619867,0.0119356895
2021-03-16,0.0,23,2,0.028902281,0.046870228
2021-03-17,0.0,23,2,0.039492063,0.0
2021-03-18,0.0,23,2,0.027846502,0.0
2021-03-19,0.0,23,2,0.04691062,0.08643056
2021-03-20,5.5,23,2,1.1618047,0.04752187
2021-03-21,1.7,23,2,1.6006641,1.1842933
2021-03-22,0.0,23,2,0.058283184,0.19873172
2021-03-23,0.0,23,2,0.044788897,0.0
2021-03-24,0.0,23,2,0.049741037,0.0
2021-03-25,0.1,23,2,0.8314271,0.021588458
2021-03-26,0.0,23,2,0.054260217,0.21538776
2021-03-27,0.0,23,2,0.025695954,0.14550762
2021-03-28,0.0,23,2,0.05540631,0.12945035
2021-03-29,0.0,23,2,0.09741316,0.1699565
2021-03-30,0.0,23,2,0.12275585,0.004602502
2021-03-31,0.0,23,2,0.17393175,0.09939314
2021-04-01,0.0,23,2,0.16727412,0.22584002
2021-04-02,1.9,23,2,1.670044,0.18806815
2021-04-03,4.3,23,2,1.4249272,2.536081
2021-04-04,0.0,23,2,0.0,0.4999764
2021-04-05,0.0,23,2,0.017177774,0.10892305
2021-04-06,0.0,23,2,0.009444614,0.06853408
2021-04-07,0.1,23,2,0.7867135,0.058354396
2021-04-08,24.1,23,2,2.0055494,0.57446885
2021-04-09,2.0,23,2,2.5289938,7.577506
2021-04-10,0.0,23,2,0.0,0.95284235
2021-04-11,0.0,23,2,0.0,0.24255992
2021-04-12,0.0,23,2,0.0,0.12057801
2021-04-13,0.3,23,2,0.9379729,0.14238551
2021-04-14,0.1,23,2,1.4069142,1.8529286
2021-04-15,3.4,23,2,1.1851857,1.7670131
2021-04-16,11.4,23,2,2.5189192,1.9252093
2021-04-17,0.0,23,2,0.14543046,3.3042808
2021-04-18,0.6,23,2,0.83849275,0.16018488
2021-04-19,24.2,23,2,1.5875292,0.5465573
2021-04-20,62.2,23,2,12.416127,8.249028
2021-04-21,29.4,23,2,12.834577,12.426216
2021-04-22,31.3,23,2,17.663513,14.608779
2021-04-23,8.5,23,2,12.689895,15.588919
2021-04-24,9.1,23,2,10.706068,13.846645
2021-04-25,12.1,23,2,10.614677,8.908745
2021-04-26,22.3,23,2,9.899607,9.923937
2021-04-27,0.1,23,2,7.9283886,8.103722
2021-04-28,0.2,23,2,1.6714413,8.294313
2021-04-29,0.0,23,2,0.15955591,0.98604167
2021-04-30,1.0,23,2,1.2015908,1.1391187
2021-05-01,5.5,23,2,1.9070122,0.9767257
2021-05-02,5.4,23,2,3.3266525,6.2310214
2021-05-03,0.4,23,2,1.9436712,8.181206
2021-05-04,0.0,23,2,0.06999731,1.6312795
2021-05-05,0.0,23,2,0.067183875,0.59453356
2021-05-06,0.0,23,2,0.04802378,0.85493934
2021-05-07,0.0,23,2,0.033528365,0.54774225
2021-05-08,0.3,23,2,1.229625,0.42569733
2021-05-09,0.4,23,2,1.57511,1.3059359
2021-05-10,40.4,23,2,1.8625112,1.0207236
2021-05-11,8.6,23,2,5.6558194,9.59317
2021-05-12,6.9,23,2,7.245922,10.503705
2021-05-13,6.2,23,2,4.51505,8.945186
2021-05-14,2.5,23,2,4.3039613,6.527622
2021-05-15,0.0,23,2,0.0,7.675311
2021-05-16,1.4,23,2,1.9326541,1.1842077
2021-05-17,6.2,23,2,2.7333534,4.963551
2021-05-18,7.9,23,2,3.2867794,5.933092
2021-05-19,5.5,23,2,5.2420416,5.175364
2021-05-20,3.1,23,2,3.9094334,6.6447196
2021-05-21,11.4,23,2,3.3254228,3.8048964
2021-05-22,42.9,23,2,8.000676,6.6784763
2021-05-23,47.3,23,2,14.249096,10.126126
2021-05-24,28.3,23,2,25.445705,13.41265
2021-05-25,25.1,23,2,24.015856,18.254835
2021-05-26,29.0,23,2,20.980743,14.376444
2021-05-27,10.3,23,2,15.732828,13.991581
2021-05-28,1.2,23,2,4.706706,10.523887
2021-05-29,0.4,23,2,2.6991885,5.8249965
2021-05-30,0.5,23,2,2.5468864,6.6274586
2021-05-31,0.6,23,2,3.1940904,6.0066032
2021-06-01,1.1,23,2,2.3707418,6.1581545
2021-06-02,2.7,23,2,5.3858323,3.3318
2021-06-03,5.6,23,2,4.9124436,9.150735
2021-06-04,9.1,23,2,6.318878,5.558808
2021-06-05,15.6,23,2,8.634811,6.260249
2021-06-06,6.4,23,2,9.568967,6.5396423
2021-06-07,6.7,23,2,8.092346,6.1591725
2021-06-08,9.8,23,2,12.158606,5.6843004
2021-06-09,6.1,23,2,13.595986,4.3657017
2021-06-10,5.1,23,2,6.4852715,4.2869763
2021-06-11,11.0,23,2,11.18956,3.5316548
2021-06-12,9.7,23,2,30.03941,4.964659
2021-06-13,8.2,23,2,9.371278,5.508477
2021-06-14,3.7,23,2,5.61051,4.051725
2021-06-15,0.2,23,2,1.825589,2.1514034
2021-06-16,1.9,23,2,2.0353963,1.331171
2021-06-17,0.5,23,2,3.494698,3.5673375
2021-06-18,2.9,23,2,2.008489,3.1963406
2021-01-01,9.2,24,3,18.608229,7.5001173
2021-01-02,17.2,24,3,15.939562,10.862009
2021-01-03,14.0,24,3,18.479376,6.4140916
2021-01-04,19.4,24,3,11.879948,4.8656435
2021-01-05,29.6,24,3,14.000798,9.309274
2021-01-06,18.6,24,3,12.356474,9.077199
2021-01-07,11.9,24,3,10.998112,9.805558
2021-01-08,19.0,24,3,5.427225,9.496517
2021-01-09,13.1,24,3,5.3418517,9.70949
2021-01-10,8.4,24,3,5.132933,6.9731174
2021-01-11,13.4,24,3,10.921826,5.8023024
2021-01-12,8.5,24,3,8.949915,18.571299
2021-01-13,2.4,24,3,2.7501261,4.3970876
2021-01-14,0.7,24,3,1.3946421,1.8684647
2021-01-15,0.1,24,3,0.8871925,1.818388
2021-01-16,1.6,24,3,1.4796755,1.1792767
2021-01-17,6.7,24,3,2.9254851,2.2394197
2021-01-18,11.7,24,3,5.180494,2.6230803
2021-01-19,4.5,24,3,6.3815455,4.679975
2021-01-20,0.2,24,3,1.975465,6.8082066
2021-01-21,0.3,24,3,2.4392014,1.6813447
2021-01-22,2.1,24,3,2.3426821,2.8667672
2021-01-23,1.2,24,3,2.5879776,2.3002944
2021-01-24,0.2,24,3,1.1488838,2.1245122
2021-01-25,0.0,24,3,0.0,0.8131728
2021-01-26,0.4,24,3,0.89123976,0.55786836
2021-01-27,2.0,24,3,2.013411,3.2686906
2021-01-28,4.3,24,3,3.6615462,3.0442462
2021-01-29,5.8,24,3,4.078013,4.540859
2021-01-30,6.3,24,3,5.1866097,6.081993
2021-01-31,10.9,24,3,6.012556,4.4118166
2021-02-01,1.1,24,3,2.469158,2.5664117
2021-02-02,2.1,24,3,1.4002671,0.7987405
2021-02-03,8.1,24,3,4.8119793,3.6237068
2021-02-04,5.8,24,3,5.155015,5.5907393
2021-02-05,3.5,24,3,2.199211,5.131648
2021-02-06,2.1,24,3,1.6541114,1.0544269
2021-02-07,0.8,24,3,2.0680451,1.9704776
2021-02-08,2.5,24,3,2.219204,2.6910357
2021-02-09,1.7,24,3,1.7867033,2.6645536
2021-02-10,0.7,24,3,3.2369304,1.0674386
2021-02-11,0.4,24,3,1.619679,3.7691927
2021-02-12,0.7,24,3,1.0429933,1.5011737
2021-02-13,0.4,24,3,0.8790022,1.3942626
2021-02-14,0.0,24,3,0.0,1.0008011
2021-02-15,0.0,24,3,0.0,0.72575164
2021-02-16,0.0,24,3,0.0,0.4299254
2021-02-17,1.9,24,3,2.3501081,0.29606694
2021-02-18,14.4,24,3,6.047336,4.399443
2021-02-19,13.7,24,3,6.5165176,6.2858973
2021-02-20,7.9,24,3,5.4677773,5.0010967
2021-02-21,2.4,24,3,1.3698819,4.1646447
2021-02-22,0.0,24,3,0.0,0.3993874
2021-02-23,0.2,24,3,0.5410377,0.30136284
2021-02-24,0.0,24,3,0.0,0.7556251
2021-02-25,0.0,24,3,0.0,0.35585922
2021-02-26,0.0,24,3,0.0,0.25072473
2021-02-27,0.0,24,3,0.0,0.27133188
2021-02-28,3.0,24,3,2.2085214,0.3789557
2021-03-01,0.7,24,3,3.253705,3.2357335
2021-03-02,0.6,24,3,1.3697894,2.3480113
2021-03-03,3.9,24,3,2.3124464,1.3220465
2021-03-04,1.2,24,3,2.6527562,2.4293349
2021-03-05,0.1,24,3,0.70852363,1.2482438
2021-03-06,0.0,24,3,0.0,0.64264345
2021-03-07,0.3,24,3,0.6569787,0.3464586
2021-03-08,3.0,24,3,1.7425549,1.2023621
2021-03-09,3.7,24,3,2.7365196,2.1368742
2021-03-10,5.5,24,3,3.0830393,2.7291083
2021-03-11,4.2,24,3,3.2017975,2.2982779
2021-03-12,1.2,24,3,3.5497327,1.9011476
2021-03-13,1.1,24,3,1.3033652,1.470012
2021-03-14,1.1,24,3,1.2231398,0.8186841
2021-03-15,0.4,24,3,0.9148139,0.80681753
2021-03-16,0.0,24,3,0.0,1.1729336
2021-03-17,0.0,24,3,0.0,0.30292016
2021-03-18,0.2,24,3,0.88384736,0.35112274
2021-03-19,0.2,24,3,1.117904,1.7164133
2021-03-20,0.4,24,3,0.9060463,1.084657
2021-03-21,1.4,24,3,1.4673004,1.4240606
2021-03-22,18.6,24,3,8.434038,1.294198
2021-03-23,27.3,24,3,28.595812,5.10175
2021-03-24,16.5,24,3,19.563297,14.911952
2021-03-25,26.5,24,3,13.31032,7.8205853
2021-03-26,11.7,24,3,12.417106,2.0677083
2021-03-27,1.3,24,3,7.5216036,5.547215
2021-03-28,0.3,24,3,2.3106368,2.11692
2021-03-29,0.0,24,3,0.031174263,1.446661
2021-03-30,0.0,24,3,0.06418849,0.4143853
2021-03-31,0.0,24,3,0.07632402,0.4246283
2021-04-01,0.0,24,3,0.123373225,0.3746578
2021-04-02,0.0,24,3,0.12799007,0.47942933
2021-04-03,0.3,24,3,1.5675466,0.42545938
2021-04-04,2.0,24,3,3.3223567,1.3959098
2021-04-05,0.2,24,3,1.2997787,2.7526033
2021-04-06,0.2,24,3,0.7903495,0.41281793
2021-04-07,0.0,24,3,0.0,0.7910657
2021-04-08,0.3,24,3,0.6067147,0.40362987
2021-04-09,2.0,24,3,1.0893962,0.76905704
2021-04-10,10.0,24,3,4.8625,0.84653246
2021-04-11,1.7,24,3,3.4490504,2.0135467
2021-04-12,1.1,24,3,1.5202215,1.1289828
2021-04-13,0.1,24,3,1.0190425,1.3322666
2021-04-14,0.0,24,3,0.0,0.4333108
2021-04-15,0.0,24,3,0.0,0.3187083
2021-04-16,0.0,24,3,0.0,0.21568069
2021-04-17,0.0,24,3,0.0,0.21685576
2021-04-18,0.0,24,3,0.0,0.14341143
2021-04-19,2.6,24,3,1.0966051,0.22717996
2021-04-20,6.1,24,3,3.5497742,1.1972651
2021-04-21,14.1,24,3,6.449094,3.397645
2021-04-22,4.2,24,3,5.599866,2.6396625
2021-04-23,0.7,24,3,4.2756734,2.4897842
2021-04-24,0.4,24,3,2.0012305,1.982996
2021-04-25,1.4,24,3,2.7295742,1.8332238
2021-04-26,1.3,24,3,3.1886368,3.2919116
2021-04-27,1.7,24,3,2.6090114,2.5599298
2021-04-28,0.1,24,3,1.5349951,1.7320733
2021-04-29,0.4,24,3,1.1667101,0.6676104
2021-04-30,0.0,24,3,0.015074979,1.4304783
2021-05-01,0.3,24,3,1.4403961,0.4662427
2021-05-02,0.2,24,3,1.0985057,2.4178987
2021-05-03,0.1,24,3,1.3902838,0.8569411
2021-05-04,0.0,24,3,0.0,1.0957778
2021-05-05,0.9,24,3,2.0789194,0.80079794
2021-05-06,27.3,24,3,6.863363,2.7935884
2021-05-07,2.8,24,3,5.916295,3.5665812
2021-05-08,0.1,24,3,2.97602,2.7757556
2021-05-09,0.0,24,3,0.0,1.3521109
2021-05-10,0.0,24,3,0.0,0.48432904
2021-05-11,0.0,24,3,0.0,0.47604623
2021-05-12,0.0,24,3,0.0,0.41933018
2021-05-13,0.0,24,3,0.0,0.32771105
2021-05-14,0.2,24,3,2.07003,0.3808561
2021-05-15,0.4,24,3,1.7634897,3.1495218
2021-05-16,0.3,24,3,1.491595,1.1326079
2021-05-17,2.1,24,3,2.4074662,0.89615726
2021-05-18,0.5,24,3,2.8166678,1.996742
2021-05-19,0.4,24,3,1.7929602,0.94059885
2021-05-20,0.1,24,3,1.1948473,0.9629406
2021-05-21,2.3,24,3,1.9309809,0.6742208
2021-05-22,16.9,24,3,4.931431,1.6771355
2021-05-23,8.9,24,3,9.890461,1.9244485
2021-05-24,18.4,24,3,14.302137,4.2364397
2021-05-25,14.8,24,3,20.047966,3.0822344
2021-05-26,26.8,24,3,9.905151,3.766151
2021-05-27,6.6,24,3,9.814505,4.437921
2021-05-28,1.6,24,3,7.3416805,4.8022447
2021-05-29,0.6,24,3,3.9614797,3.4861999
2021-05-30,0.2,24,3,1.7857897,1.835825
2021-05-31,0.0,24,3,0.0,0.8941723
2021-06-01,0.1,24,3,1.1586251,0.4713226
2021-06-02,0.5,24,3,1.7847314,1.2641618
2021-06-03,0.3,24,3,1.4188492,1.2563927
2021-06-04,5.7,24,3,1.3350146,0.9331918
2021-06-05,15.0,24,3,2.8622684,0.9787617
2021-06-06,9.9,24,3,3.4952154,1.1996241
2021-06-07,2.2,24,3,3.0543737,3.9606438
2021-06-08,3.0,24,3,2.598493,2.2943156
2021-06-09,0.5,24,3,1.6727915,2.222261
2021-06-10,0.1,24,3,0.7695885,0.90346086
2021-06-11,0.7,24,3,1.3199348,0.57417095
2021-06-12,0.3,24,3,0.58692396,2.553182
2021-06-13,0.1,24,3,0.42430347,0.3264081
2021-06-14,0.0,24,3,0.0,0.49105552
2021-06-15,0.2,24,3,0.69667935,0.3156192
2021-06-16,10.8,24,3,1.915515,0.83112574
2021-06-17,0.5,24,3,1.6224582,2.2563796
2021-06-18,0.0,24,3,0.019579696,0.84778833
2021-01-01,0.0,25,1,0.0,0.4361184
2021-01-02,0.0,25,1,0.03389336,0.24263048
2021-01-03,0.1,25,1,0.94604623,0.3347961
2021-01-04,0.1,25,1,1.5146115,0.59665906
2021-01-05,3.6,25,1,2.5697446,0.7669618
2021-01-06,0.2,25,1,2.0719361,2.7097566
2021-01-07,4.6,25,1,2.5388353,0.5621697
2021-01-08,0.0,25,1,0.14098382,1.8693926
2021-01-09,0.0,25,1,0.0487981,0.59775686
2021-01-10,0.0,25,1,0.046298992,0.26962283
2021-01-11,0.0,25,1,0.018149272,0.24024665
2021-01-12,0.0,25,1,0.011866379,0.217577
2021-01-13,0.0,25,1,0.0125009995,0.1560204
2021-01-14,0.0,25,1,0.02127407,0.12866654
2021-01-15,0.0,25,1,0.01833425,0.10022147
2021-01-16,0.0,25,1,0.036912095,0.28263667
2021-01-17,0.0,25,1,0.03260748,0.23817304
2021-01-18,0.0,25,1,0.023701664,0.17158453
2021-01-19,0.0,25,1,0.007482553,0.07894473
2021-01-20,0.0,25,1,0.01985376,0.2243149
2021-01-21,0.0,25,1,0.07425792,0.1269173
2021-01-22,2.5,25,1,2.2546751,0.24890342
2021-01-23,7.1,25,1,2.5021472,1.522063
2021-01-24,1.5,25,1,2.455719,1.2889588
2021-01-25,1.3,25,1,1.7473664,0.82652235
2021-01-26,0.3,25,1,1.0085154,0.8807434
2021-01-27,0.2,25,1,0.78558505,0.47343016
2021-01-28,0.8,25,1,1.1398888,0.4466412
2021-01-29,0.0,25,1,0.0047417902,0.5051681
2021-01-30,0.0,25,1,0.0061636907,0.15928423
2021-01-31,0.0,25,1,0.017507317,0.07229251
2021-02-01,0.0,25,1,0.0038755587,0.11442827
2021-02-02,0.0,25,1,0.012098983,0.12304306
2021-02-03,0.0,25,1,0.0035552008,0.06902251
2021-02-04,0.0,25,1,0.008372269,0.06719331
2021-02-05,0.1,25,1,0.64643073,0.023135418
2021-02-06,0.1,25,1,0.5654917,0.52271926
2021-02-07,3.4,25,1,0.8438847,0.38059026
2021-02-08,1.2,25,1,1.1653872,0.6666322
2021-02-09,0.3,25,1,0.89815354,0.55899155
2021-02-10,1.2,25,1,1.4564393,0.37280384
2021-02-11,4.2,25,1,2.1397996,0.7653699
2021-02-12,1.1,25,1,1.6017444,1.1738453
2021-02-13,0.0,25,1,0.029269127,0.51088786
2021-02-14,0.0,25,1,0.04060581,0.26411
2021-02-15,0.0,25,1,0.013846204,0.19240564
2021-02-16,0.0,25,1,0.03957573,0.14314273
2021-02-17,0.2,25,1,0.6354878,0.1772376
2021-02-18,0.0,25,1,0.014524626,0.38489795
2021-02-19,0.0,25,1,0.022230333,0.0
2021-02-20,0.0,25,1,0.025042048,0.026635999
2021-02-21,0.0,25,1,0.0090408325,0.07853817
2021-02-22,0.0,25,1,0.01155243,0.09195512
2021-02-23,0.0,25,1,0.020118061,0.12609
2021-02-24,0.0,25,1,0.0072084963,0.15004529
2021-02-25,0.0,25,1,0.13229273,0.085906416
2021-02-26,0.0,25,1,0.058918662,0.19922875
2021-02-27,0.0,25,1,0.08306293,0.14702217
2021-02-28,0.0,25,1,0.014873772,0.15292655
2021-03-01,1.4,25,1,1.0324934,0.13731988
2021-03-02,1.2,25,1,1.4425898,0.8072871
2021-03-03,0.0,25,1,0.0,0.6231961
2021-03-04,0.0,25,1,0.0,0.094470784
2021-03-05,0.0,25,1,0.003116332,0.03306742
2021-03-06,0.0,25,1,0.025278872,0.022407657
2021-03-07,0.1,25,1,1.0809884,0.10096834
2021-03-08,0.2,25,1,0.74873245,0.7671354
2021-03-09,0.3,25,1,0.714926,0.14926027
2021-03-10,0.4,25,1,0.89144695,0.239176
2021-03-11,0.5,25,1,0.5333133,0.34155822
2021-03-12,0.2,25,1,0.95272565,0.2765925
2021-03-13,0.2,25,1,0.5599791,0.41460916
2021-03-14,0.2,25,1,0.6451347,0.26690596
2021-03-15,0.0,25,1,0.012704666,0.602931
2021-03-16,0.0,25,1,0.02191521,0.21690115
2021-03-17,0.0,25,1,0.009638207,0.28425896
2021-03-18,0.0,25,1,0.033987224,0.15322104
2021-03-19,0.0,25,1,0.15294811,0.23991795
2021-03-20,0.6,25,1,3.0314364,0.3623222
2021-03-21,0.0,25,1,0.06956196,2.0044677
2021-03-22,0.0,25,1,0.031544145,0.31385288
2021-03-23,0.6,25,1,0.73162687,0.22496362
2021-03-24,0.0,25,1,0.0,0.38929114
2021-03-25,0.0,25,1,0.0,0.37880903
2021-03-26,0.3,25,1,0.65226746,0.16030817
2021-03-27,0.2,25,1,0.89830923,0.5880728
2021-03-28,1.0,25,1,1.6455228,0.734216
2021-03-29,0.0,25,1,0.032971647,1.0348008
2021-03-30,0.0,25,1,0.00425357,0.21859795
2021-03-31,0.0,25,1,0.001790408,0.292499
2021-04-01,0.0,25,1,0.018206188,0.17052133
2021-04-02,0.3,25,1,2.0949547,0.20929426
2021-04-03,4.7,25,1,4.7057652,1.5413964
2021-04-04,3.1,25,1,2.4233665,1.4057493
2021-04-05,0.3,25,1,1.8851867,0.54683423
2021-04-06,0.0,25,1,0.0,0.37668556
2021-04-07,0.2,25,1,1.3442299,0.2549401
2021-04-08,6.5,25,1,2.052282,0.75983715
2021-04-09,17.3,25,1,7.537936,1.1850295
2021-04-10,5.2,25,1,2.715996,1.953557
2021-04-11,3.7,25,1,2.1022904,1.2096746
2021-04-12,1.0,25,1,4.4721117,1.1547811
2021-04-13,11.4,25,1,6.191219,1.8288898
2021-04-14,10.5,25,1,6.9376793,2.3018126
2021-04-15,0.6,25,1,4.3136997,1.6817532
2021-04-16,1.9,25,1,2.4824321,0.9028492
2021-04-17,4.8,25,1,2.9136772,1.460263
2021-04-18,2.1,25,1,2.7209377,1.6516135
2021-04-19,0.4,25,1,2.9307694,0.98564494
2021-04-20,0.1,25,1,2.1209784,0.91356206
2021-04-21,1.9,25,1,2.2281609,0.8214816
2021-04-22,2.3,25,1,3.2170935,1.73123
2021-04-23,3.9,25,1,3.9338431,1.2248988
2021-04-24,0.0,25,1,0.10114128,2.3296309
2021-04-25,0.0,25,1,0.051816057,0.57362664
2021-04-26,0.2,25,1,1.6617625,0.4196666
2021-04-27,1.6,25,1,2.092699,1.1303406
2021-04-28,4.1,25,1,3.7958603,1.6833501
2021-04-29,2.4,25,1,3.9117389,1.5937636
2021-04-30,3.7,25,1,1.884623,1.4918423
2021-05-01,4.0,25,1,4.6601243,1.0355315
2021-05-02,4.8,25,1,2.8737504,2.4314578
2021-05-03,0.4,25,1,2.5064232,1.5060289
2021-05-04,3.6,25,1,2.95522,1.6681817
2021-05-05,1.4,25,1,2.2577782,3.2596354
2021-05-06,2.5,25,1,3.7325406,1.2814431
2021-05-07,7.1,25,1,3.3233228,1.4278319
2021-05-08,0.8,25,1,4.701974,2.40924
2021-05-09,4.0,25,1,3.3112202,3.9809256
2021-05-10,3.2,25,1,4.2207665,2.5196803
2021-05-11,0.3,25,1,3.8488712,2.1205847
2021-05-12,0.4,25,1,2.3322344,2.3557255
2021-05-13,1.8,25,1,3.1133108,1.5980592
2021-05-14,3.8,25,1,3.3384604,2.8303947
2021-05-15,7.5,25,1,2.8367538,2.8281612
2021-05-16,2.2,25,1,6.4939966,2.7192903
2021-05-17,10.0,25,1,3.0741262,2.82064
2021-05-18,7.9,25,1,6.715505,2.5015218
2021-05-19,5.1,25,1,3.3963037,3.5766945
2021-05-20,13.5,25,1,5.1416492,2.4112537
2021-05-21,20.4,25,1,6.7611103,3.8291469
2021-05-22,5.3,25,1,12.730604,3.6461987
2021-05-23,2.5,25,1,4.0991354,5.4912972
2021-05-24,54.7,25,1,4.25252,4.1471696
2021-05-25,12.5,25,1,8.008226,2.2544641
2021-05-26,29.0,25,1,19.541552,8.022688
2021-05-27,18.0,25,1,19.170626,12.625922
2021-05-28,6.8,25,1,5.7214117,8.439958
2021-05-29,0.8,25,1,6.431011,1.3495669
2021-05-30,2.2,25,1,3.525013,3.518046
2021-05-31,1.4,25,1,3.6007586,2.1384187
2021-06-01,0.2,25,1,3.0222907,1.5239434
2021-06-02,3.4,25,1,3.4077635,1.657259
2021-06-03,0.8,25,1,3.9544482,2.6275363
2021-06-04,0.0,25,1,0.0,1.1179941
2021-06-05,0.1,25,1,1.8311508,0.9066162
2021-06-06,0.3,25,1,2.3213103,1.3681757
2021-06-07,5.4,25,1,4.3643947,1.5023346
2021-06-08,4.9,25,1,5.3646917,1.3848815
2021-06-09,1.8,25,1,4.172013,1.3678138
2021-06-10,12.8,25,1,4.3635974,1.4157414
2021-06-11,6.6,25,1,10.594612,1.4871058
2021-06-12,24.0,25,1,15.4075165,2.7483594
2021-06-13,13.6,25,1,7.7870626,4.6862164
2021-06-14,1.7,25,1,4.3390846,1.4509649
2021-06-15,0.4,25,1,1.8058956,1.6059701
2021-06-16,0.0,25,1,0.0,1.2470357
2021-06-17,1.6,25,1,2.5551367,0.60620403
2021-06-18,0.3,25,1,1.823796,2.5809264
2021-01-01,0.0,26,1,0.0,0.5360457
2021-01-02,0.0,26,1,0.040425915,0.32399783
2021-01-03,0.1,26,1,0.78693867,0.6127578
2021-01-04,0.4,26,1,1.2394221,0.6887425
2021-01-05,5.6,26,1,5.074115,0.6928296
2021-01-06,0.0,26,1,0.0,1.3792856
2021-01-07,0.0,26,1,0.0,0.46703774
2021-01-08,0.0,26,1,0.0,0.21286112
2021-01-09,0.0,26,1,0.0,0.28212887
2021-01-10,0.0,26,1,0.0,0.1667042
2021-01-11,0.0,26,1,0.0,0.23342474
2021-01-12,0.0,26,1,0.0,0.22934346
2021-01-13,0.1,26,1,0.53977287,0.24275048
2021-01-14,0.0,26,1,0.0,0.45784065
2021-01-15,0.0,26,1,0.0,0.41266435
2021-01-16,0.0,26,1,0.0,0.21104686
2021-01-17,0.0,26,1,0.0,0.23045158
2021-01-18,0.0,26,1,0.0,0.07790964
2021-01-19,0.0,26,1,0.005233591,0.055721194
2021-01-20,0.0,26,1,0.013642494,0.2633776
2021-01-21,0.0,26,1,0.08035473,0.20921284
2021-01-22,0.1,26,1,1.2250912,0.33644244
2021-01-23,16.0,26,1,1.6334615,0.92936337
2021-01-24,0.1,26,1,1.5569685,0.9200009
2021-01-25,0.0,26,1,0.0,0.26113063
2021-01-26,0.0,26,1,0.0,0.12911205
2021-01-27,0.0,26,1,0.0,0.13639547
2021-01-28,0.0,26,1,0.0,0.05184079
2021-01-29,0.0,26,1,0.0,0.061303716
2021-01-30,0.0,26,1,0.0,0.0
2021-01-31,0.0,26,1,0.0,0.0
2021-02-01,0.0,26,1,0.0,0.022987725
2021-02-02,0.0,26,1,0.0,0.08062833
2021-02-03,0.0,26,1,0.0,0.0041849925
2021-02-04,0.0,26,1,0.0,0.004314645
2021-02-05,0.0,26,1,0.0,0.0
2021-02-06,0.0,26,1,0.0,0.0444882
2021-02-07,0.0,26,1,0.0,0.03143892
2021-02-08,0.0,26,1,0.0,0.045706898
2021-02-09,0.0,26,1,0.0,0.011056541
2021-02-10,0.0,26,1,0.0,0.0049666325
2021-02-11,0.0,26,1,0.11436338,0.08418745
2021-02-12,0.1,26,1,0.3854874,0.119118966
2021-02-13,0.0,26,1,0.015516271,0.15837753
2021-02-14,0.1,26,1,0.4992214,0.038688254
2021-02-15,0.0,26,1,0.0,0.060187533
2021-02-16,0.0,26,1,0.0,0.05352825
2021-02-17,0.0,26,1,0.0,0.0
2021-02-18,0.0,26,1,0.0,0.0
2021-02-19,0.0,26,1,0.0,0.0
2021-02-20,0.0,26,1,0.0,0.0
2021-02-21,0.0,26,1,0.0,0.0
2021-02-22,0.0,26,1,0.0,0.0
2021-02-23,0.0,26,1,0.0,0.014741373
2021-02-24,0.0,26,1,0.0,0.06417282
2021-02-25,0.0,26,1,0.016882682,0.08453369
2021-02-26,0.0,26,1,0.07101477,0.06809497
2021-02-27,0.0,26,1,0.008995759,0.18217738
2021-02-28,0.0,26,1,0.0,0.09430933
2021-03-01,0.0,26,1,0.0,0.08215891
2021-03-02,0.0,26,1,0.0,0.062636524
2021-03-03,0.0,26,1,0.0,0.054287843
2021-03-04,0.0,26,1,0.0,0.0
2021-03-05,0.0,26,1,0.0,0.0
2021-03-06,0.0,26,1,0.0,0.015842643
2021-03-07,0.0,26,1,0.0,0.009816234
2021-03-08,0.2,26,1,0.2464469,0.025906725
2021-03-09,0.0,26,1,0.0,0.039203227
2021-03-10,0.0,26,1,0.0,0.0
2021-03-11,0.0,26,1,0.0,0.0
2021-03-12,0.0,26,1,0.0,0.0
2021-03-13,0.0,26,1,0.0,0.0
2021-03-14,0.0,26,1,0.0,0.0
2021-03-15,0.0,26,1,0.0,0.0
2021-03-16,0.0,26,1,0.0,0.03257407
2021-03-17,0.0,26,1,0.0,0.053105343
2021-03-18,0.0,26,1,0.0,0.051837273
2021-03-19,0.2,26,1,1.0660362,0.09368868
2021-03-20,0.5,26,1,0.9561527,0.455963
2021-03-21,0.0,26,1,0.012844587,0.30299434
2021-03-22,0.0,26,1,0.0,0.11676025
2021-03-23,0.0,26,1,0.0061001317,0.0
2021-03-24,0.0,26,1,0.0,0.0
2021-03-25,0.0,26,1,0.0,0.07395113
2021-03-26,0.0,26,1,0.0,0.0
2021-03-27,0.0,26,1,0.008423571,0.0
2021-03-28,0.0,26,1,0.0,0.056199796
2021-03-29,0.0,26,1,0.0063623358,0.015036091
2021-03-30,0.0,26,1,0.0,0.0045701675
2021-03-31,0.0,26,1,0.0033907078,0.034120407
2021-04-01,0.0,26,1,0.040870823,0.012396127
2021-04-02,0.7,26,1,1.0868304,0.013972197
2021-04-03,2.2,26,1,2.8456354,0.56907654
2021-04-04,0.0,26,1,0.007204556,0.642172
2021-04-05,5.8,26,1,0.7206898,0.11519362
2021-04-06,0.0,26,1,0.0,0.11350302
2021-04-07,0.4,26,1,0.7280706,0.020995183
2021-04-08,1.8,26,1,1.534795,0.30037317
2021-04-09,2.1,26,1,2.5632067,0.71792996
2021-04-10,13.9,26,1,1.7213526,0.47474164
2021-04-11,0.5,26,1,2.3165572,0.31795472
2021-04-12,0.2,26,1,1.181699,1.0284863
2021-04-13,0.4,26,1,1.2221766,0.5325177
2021-04-14,0.9,26,1,1.1795921,0.79288185
2021-04-15,0.8,26,1,2.159231,0.6414132
2021-04-16,2.3,26,1,1.9752362,0.99239695
2021-04-17,8.4,26,1,4.4866,0.86961925
2021-04-18,2.4,26,1,4.329085,1.6350892
2021-04-19,5.1,26,1,1.783689,1.2980802
2021-04-20,1.0,26,1,3.3736067,1.0487976
2021-04-21,2.5,26,1,2.9052417,2.4665196
2021-04-22,2.3,26,1,3.2401533,1.9153771
2021-04-23,2.8,26,1,4.131219,1.2557456
2021-04-24,2.3,26,1,3.0010037,3.2104754
2021-04-25,0.8,26,1,3.5713181,1.8116081
2021-04-26,2.7,26,1,1.9525776,1.6474907
2021-04-27,3.4,26,1,4.694518,1.3322752
2021-04-28,1.1,26,1,3.516377,2.3116138
2021-04-29,3.0,26,1,2.457646,1.8586309
2021-04-30,0.7,26,1,1.6889279,1.6724322
2021-05-01,1.0,26,1,1.8620877,0.90333104
2021-05-02,0.5,26,1,2.4119349,1.9510121
2021-05-03,0.4,26,1,1.2228549,1.489847
2021-05-04,0.3,26,1,1.8513441,1.1897581
2021-05-05,0.4,26,1,1.6231074,1.712187
2021-05-06,0.9,26,1,1.9630282,1.0099585
2021-05-07,1.3,26,1,2.4005318,1.2989695
2021-05-08,1.7,26,1,3.5123644,1.3521657
2021-05-09,2.7,26,1,2.6671734,2.101956
2021-05-10,1.9,26,1,2.2420752,1.5359697
2021-05-11,0.5,26,1,2.4252524,1.3539703
2021-05-12,0.0,26,1,0.07018785,1.7810855
2021-05-13,0.1,26,1,1.5480793,0.78699064
2021-05-14,0.2,26,1,1.8449013,1.6465847
2021-05-15,1.9,26,1,2.102386,1.7972538
2021-05-16,10.5,26,1,3.9053884,1.6875226
2021-05-17,3.1,26,1,6.8825407,2.2774928
2021-05-18,3.6,26,1,4.366811,3.135219
2021-05-19,1.8,26,1,3.299591,2.3273163
2021-05-20,8.1,26,1,3.9434257,2.109315
2021-05-21,16.5,26,1,5.480278,2.9969923
2021-05-22,7.1,26,1,5.740753,2.5544612
2021-05-23,2.9,26,1,3.3286953,2.2946234
2021-05-24,36.4,26,1,4.7238345,2.6995125
2021-05-25,15.1,26,1,9.576608,2.4617498
2021-05-26,11.4,26,1,14.317808,4.0330687
2021-05-27,0.8,26,1,6.528012,8.620814
2021-05-28,2.7,26,1,3.597898,2.414156
2021-05-29,0.2,26,1,3.9214802,2.1983066
2021-05-30,2.1,26,1,4.309135,2.934905
2021-05-31,0.8,26,1,4.6367426,2.8703578
2021-06-01,0.8,26,1,3.9574728,2.1691976
2021-06-02,2.1,26,1,3.473681,2.2261822
2021-06-03,2.9,26,1,3.6221628,2.067792
2021-06-04,0.0,26,1,0.1791499,1.922704
2021-06-05,1.0,26,1,1.8709912,1.2852511
2021-06-06,1.8,26,1,2.4468474,1.3978026
2021-06-07,1.5,26,1,2.753811,1.1636662
2021-06-08,1.9,26,1,3.3384142,1.8689299
2021-06-09,0.5,26,1,2.000313,1.7123013
2021-06-10,4.8,26,1,3.5747247,0.90677416
2021-06-11,1.3,26,1,2.6453457,2.2637076
2021-06-12,8.4,26,1,8.495507,1.504219
2021-06-13,13.4,26,1,5.0538154,2.9684474
2021-06-14,1.5,26,1,2.8799715,1.6032941
2021-06-15,1.3,26,1,2.563772,2.066731
2021-06-16,3.7,26,1,3.5113144,2.8118753
2021-06-17,0.5,26,1,2.6296198,2.9419208
2021-06-18,1.0,26,1,2.5158966,1.8342998
2021-01-01,11.7,27,3,7.4769344,8.996151
2021-01-02,10.5,27,3,8.58856,5.6541348
2021-01-03,4.5,27,3,5.89924,4.4273047
2021-01-04,56.1,27,3,13.63291,4.9644675
2021-01-05,24.2,27,3,15.079773,8.59697
2021-01-06,12.6,27,3,8.8378315,8.790909
2021-01-07,17.7,27,3,6.617244,7.3180475
2021-01-08,26.4,27,3,11.799344,9.046887
2021-01-09,37.1,27,3,21.445496,12.085211
2021-01-10,30.8,27,3,16.109196,20.696146
2021-01-11,31.1,27,3,21.70012,7.192816
2021-01-12,4.8,27,3,8.793506,12.828813
2021-01-13,1.0,27,3,0.8427197,9.169923
2021-01-14,0.0,27,3,0.0,0.6867492
2021-01-15,0.0,27,3,0.03680879,0.69275403
2021-01-16,1.6,27,3,1.2384813,0.43667126
2021-01-17,22.5,27,3,7.455536,2.78007
2021-01-18,15.0,27,3,6.2755427,7.058132
2021-01-19,3.0,27,3,2.966671,4.5997477
2021-01-20,0.0,27,3,0.0,5.112372
2021-01-21,0.6,27,3,4.8172784,1.4590294
2021-01-22,2.8,27,3,2.6350014,7.1135607
2021-01-23,1.6,27,3,2.8906214,3.17106
2021-01-24,0.0,27,3,0.0,2.9986284
2021-01-25,0.0,27,3,0.0,0.4432252
2021-01-26,0.3,27,3,0.77063835,0.4294665
2021-01-27,1.2,27,3,0.88413787,2.372684
2021-01-28,5.1,27,3,3.4142427,1.1166084
2021-01-29,6.7,27,3,3.0211797,2.5602293
2021-01-30,7.0,27,3,3.5342002,2.9332204
2021-01-31,11.4,27,3,2.9487498,2.757688
2021-02-01,1.7,27,3,2.8840356,1.6882474
2021-02-02,0.6,27,3,1.5336065,1.0978525
2021-02-03,5.8,27,3,2.023138,1.4560947
2021-02-04,4.1,27,3,3.0903897,1.9569502
2021-02-05,4.6,27,3,1.8801434,2.4062028
2021-02-06,2.1,27,3,1.629986,0.85559475
2021-02-07,1.2,27,3,1.5291116,2.166323
2021-02-08,1.0,27,3,1.3163786,1.3572998
2021-02-09,2.2,27,3,1.8885083,1.4284627
2021-02-10,4.3,27,3,4.6447487,2.6423159
2021-02-11,0.5,27,3,1.8491418,4.120778
2021-02-12,0.1,27,3,0.8851918,0.72340095
2021-02-13,0.0,27,3,0.0,0.5882915
2021-02-14,0.0,27,3,0.0,0.44580927
2021-02-15,0.0,27,3,0.0,0.38049853
2021-02-16,0.0,27,3,0.0,0.26880938
2021-02-17,1.9,27,3,2.5507166,0.25159085
2021-02-18,13.7,27,3,3.3906155,3.322631
2021-02-19,11.8,27,3,5.0760703,2.9935217
2021-02-20,1.0,27,3,1.3218334,3.6223936
2021-02-21,0.0,27,3,0.0,0.43758392
2021-02-22,0.0,27,3,0.0,0.23715949
2021-02-23,0.0,27,3,0.0,0.22387838
2021-02-24,0.0,27,3,0.0,0.27276906
2021-02-25,0.0,27,3,0.0,0.18941085
2021-02-26,0.0,27,3,0.0,0.22823416
2021-02-27,0.0,27,3,0.0,0.2631153
2021-02-28,0.3,27,3,1.1617825,0.23911066
2021-03-01,0.3,27,3,1.3535211,1.8730621
2021-03-02,1.0,27,3,2.3633606,1.7233596
2021-03-03,1.1,27,3,1.5568581,2.2528346
2021-03-04,0.4,27,3,0.8864062,0.8009366
2021-03-05,0.1,27,3,0.3075159,0.85302794
2021-03-06,0.0,27,3,0.0,0.48416662
2021-03-07,0.0,27,3,0.0,0.27675426
2021-03-08,0.7,27,3,0.93595517,0.25480983
2021-03-09,1.2,27,3,1.0372796,1.1029937
2021-03-10,1.1,27,3,1.1190941,1.2521684
2021-03-11,0.3,27,3,0.8141346,0.9967009
2021-03-12,0.5,27,3,0.92843425,0.5429162
2021-03-13,2.0,27,3,0.8830334,1.2853951
2021-03-14,0.6,27,3,0.59483206,0.8773242
2021-03-15,0.3,27,3,0.464117,0.9914899
2021-03-16,0.0,27,3,0.0,0.7659807
2021-03-17,0.0,27,3,0.0,0.24719366
2021-03-18,0.0,27,3,0.0,0.18145077
2021-03-19,0.0,27,3,0.0,0.26761475
2021-03-20,0.3,27,3,0.5907557,0.2850238
2021-03-21,1.0,27,3,1.6918468,1.845675
2021-03-22,42.4,27,3,11.249169,1.506257
2021-03-23,34.6,27,3,22.155458,5.358405
2021-03-24,14.4,27,3,8.560293,6.1417637
2021-03-25,8.0,27,3,8.155975,5.4579787
2021-03-26,6.3,27,3,6.326387,2.24396
2021-03-27,1.0,27,3,3.0607986,3.2567873
2021-03-28,0.0,27,3,0.16388132,0.59706604
2021-03-29,0.0,27,3,0.067047246,0.37018338
2021-03-30,0.0,27,3,0.024543187,0.23381525
2021-03-31,0.1,27,3,1.0068762,0.3339639
2021-04-01,0.2,27,3,1.4230611,1.0085132
2021-04-02,2.2,27,3,1.8410263,0.78933597
2021-04-03,0.0,27,3,0.0,1.1476278
2021-04-04,0.1,27,3,0.5488061,0.38660356
2021-04-05,0.5,27,3,0.9778248,0.3734578
2021-04-06,0.1,27,3,0.51429665,0.45308125
2021-04-07,0.4,27,3,0.5886314,0.6801665
2021-04-08,0.3,27,3,0.5649667,0.95041716
2021-04-09,3.0,27,3,0.9424499,0.668242
2021-04-10,4.8,27,3,2.4910355,0.7701546
2021-04-11,0.7,27,3,1.7556524,1.940017
2021-04-12,0.0,27,3,0.0,0.80149794
2021-04-13,0.0,27,3,0.0,0.21151969
2021-04-14,0.0,27,3,0.0,0.23031048
2021-04-15,0.1,27,3,0.4984425,0.21615466
2021-04-16,0.0,27,3,0.0,0.8572962
2021-04-17,0.0,27,3,0.0,0.24095528
2021-04-18,0.0,27,3,0.0,0.19086052
2021-04-19,1.0,27,3,0.7200004,0.1560295
2021-04-20,4.3,27,3,2.5115068,1.3493066
2021-04-21,2.8,27,3,2.8376691,3.4366431
2021-04-22,1.6,27,3,2.1836865,1.032393
2021-04-23,0.1,27,3,1.8208411,1.011632
2021-04-24,0.1,27,3,0.952862,1.69539
2021-04-25,0.0,27,3,0.021917816,0.949648
2021-04-26,0.1,27,3,1.3537481,0.6563829
2021-04-27,0.0,27,3,0.036118217,1.89954
2021-04-28,0.1,27,3,0.97658885,0.53217244
2021-04-29,0.1,27,3,0.83499134,0.9420458
2021-04-30,1.7,27,3,0.75625384,0.90460956
2021-05-01,1.5,27,3,1.6406286,1.7737472
2021-05-02,2.3,27,3,1.8870955,1.2331097
2021-05-03,0.7,27,3,1.2522831,2.1640542
2021-05-04,0.0,27,3,0.0,0.822389
2021-05-05,0.0,27,3,0.0,0.37968776
2021-05-06,0.0,27,3,0.04474038,0.45607385
2021-05-07,0.0,27,3,0.0,0.45293924
2021-05-08,0.0,27,3,0.0,0.18289866
2021-05-09,0.0,27,3,0.0,0.28599653
2021-05-10,0.3,27,3,0.71864915,0.1884385
2021-05-11,0.2,27,3,0.7498208,1.3799593
2021-05-12,0.7,27,3,1.1447082,0.834095
2021-05-13,0.2,27,3,1.0357239,1.7848785
2021-05-14,2.3,27,3,1.0177703,0.7768632
2021-05-15,0.6,27,3,1.9796734,1.230108
2021-05-16,0.1,27,3,1.0551536,1.2043357
2021-05-17,0.3,27,3,0.99550426,1.1075187
2021-05-18,0.0,27,3,0.0,1.2036898
2021-05-19,0.0,27,3,0.0,0.40361843
2021-05-20,0.0,27,3,0.0,0.38241053
2021-05-21,0.1,27,3,0.6881752,0.26880178
2021-05-22,0.4,27,3,1.3152425,1.0523593
2021-05-23,0.2,27,3,1.0554559,1.7167838
2021-05-24,7.8,27,3,1.7681346,1.086704
2021-05-25,3.1,27,3,4.3007073,3.2712393
2021-05-26,7.2,27,3,3.1617713,1.7228372
2021-05-27,3.3,27,3,4.002217,1.5897415
2021-05-28,0.2,27,3,3.0999389,1.8849337
2021-05-29,0.9,27,3,1.8264065,1.1987536
2021-05-30,0.7,27,3,1.7871847,1.9266317
2021-05-31,0.3,27,3,0.6319953,1.4018357
2021-06-01,0.5,27,3,0.7141378,0.6030799
2021-06-02,0.2,27,3,0.8284296,0.77950346
2021-06-03,0.2,27,3,0.83114374,0.82619405
2021-06-04,2.9,27,3,0.92246246,0.7594185
2021-06-05,12.2,27,3,3.5032287,1.1428196
2021-06-06,3.2,27,3,4.8144712,2.2149322
2021-06-07,0.3,27,3,1.9656868,2.470003
2021-06-08,7.1,27,3,1.8368981,0.9026729
2021-06-09,2.0,27,3,4.2996235,2.738545
2021-06-10,1.1,27,3,1.6141088,1.8289969
2021-06-11,3.3,27,3,2.576837,1.3018742
2021-06-12,16.2,27,3,11.605334,1.8006959
2021-06-13,0.6,27,3,2.5310006,3.7876215
2021-06-14,0.4,27,3,0.8859067,0.73780596
2021-06-15,0.5,27,3,0.7357081,0.8101852
2021-06-16,0.1,27,3,0.8558235,0.8130077
2021-06-17,1.4,27,3,0.73689044,0.82533777
2021-06-18,0.0,27,3,0.0,1.0085523
2021-01-01,0.0,28,1,0.0,0.20780891
2021-01-02,0.0,28,1,0.0044868616,0.1810486
2021-01-03,1.2,28,1,1.5360317,0.30812678
2021-01-04,0.3,28,1,1.4217601,1.9213524
2021-01-05,5.0,28,1,4.642445,0.86164796
2021-01-06,0.0,28,1,0.0,2.990285
2021-01-07,0.0,28,1,0.041002136,0.6053145
2021-01-08,0.0,28,1,0.0,0.41151142
2021-01-09,0.0,28,1,0.0,0.38793835
2021-01-10,0.0,28,1,0.047164354,0.18314095
2021-01-11,0.0,28,1,0.021748602,0.20986775
2021-01-12,0.0,28,1,0.00012442462,0.24203904
2021-01-13,0.0,28,1,0.014252837,0.10990715
2021-01-14,0.0,28,1,0.0075543486,0.15526558
2021-01-15,0.0,28,1,0.0,0.2590206
2021-01-16,0.0,28,1,0.0,0.15656637
2021-01-17,0.0,28,1,0.0,0.16381066
2021-01-18,0.0,28,1,0.0,0.12343071
2021-01-19,0.0,28,1,0.04408578,0.037235487
2021-01-20,0.0,28,1,0.003354554,0.12654135
2021-01-21,0.0,28,1,0.009169877,0.18721326
2021-01-22,1.3,28,1,0.9093734,0.21587192
2021-01-23,21.4,28,1,4.3945494,1.3005409
2021-01-24,1.3,28,1,2.3994098,2.8989115
2021-01-25,0.0,28,1,0.014509631,0.66632605
2021-01-26,0.0,28,1,0.0,0.26701072
2021-01-27,0.0,28,1,0.0,0.17918523
2021-01-28,0.0,28,1,0.0,0.06432532
2021-01-29,0.0,28,1,0.014404152,0.12422615
2021-01-30,0.0,28,1,0.051955614,0.0
2021-01-31,0.0,28,1,0.0,0.065252565
2021-02-01,0.0,28,1,0.0,0.028174913
2021-02-02,0.0,28,1,0.0,0.045411747
2021-02-03,0.0,28,1,0.0,0.0071645114
2021-02-04,0.0,28,1,0.031218175,0.0
2021-02-05,0.0,28,1,0.0,0.0
2021-02-06,0.0,28,1,0.0,0.07120008
2021-02-07,0.0,28,1,0.0,0.034822334
2021-02-08,0.7,28,1,0.4874221,0.019902429
2021-02-09,0.5,28,1,0.62655807,0.31083548
2021-02-10,0.0,28,1,0.12120045,0.28727177
2021-02-11,4.7,28,1,1.5179348,0.46905333
2021-02-12,0.5,28,1,1.2293775,0.5477259
2021-02-13,0.0,28,1,0.011459717,0.2192083
2021-02-14,0.4,28,1,0.4815874,0.048080206
2021-02-15,0.0,28,1,0.020688059,0.16645318
2021-02-16,0.0,28,1,0.0,0.13896246
2021-02-17,0.0,28,1,0.0,0.0
2021-02-18,0.0,28,1,0.015775261,0.0
2021-02-19,0.0,28,1,0.0031402744,0.0
2021-02-20,0.0,28,1,0.0,0.0
2021-02-21,0.0,28,1,0.0,0.0
2021-02-22,0.0,28,1,0.0,0.04164522
2021-02-23,0.0,28,1,0.0017364776,0.028633663
2021-02-24,0.0,28,1,0.0,0.10254204
2021-02-25,0.0,28,1,0.03510289,0.06789407
2021-02-26,0.0,28,1,0.028272627,0.11825114
2021-02-27,0.0,28,1,0.0,0.18967347
2021-02-28,0.0,28,1,0.0,0.06265299
2021-03-01,0.0,28,1,0.0,0.07298703
2021-03-02,0.2,28,1,0.54057527,0.032181848
2021-03-03,0.0,28,1,0.0,0.25999016
2021-03-04,0.0,28,1,0.0,0.030867575
2021-03-05,0.0,28,1,0.0,0.0
2021-03-06,0.0,28,1,0.0,0.0
2021-03-07,0.0,28,1,0.0,0.0
2021-03-08,0.0,28,1,0.0,0.0
2021-03-09,0.0,28,1,0.0,0.0
2021-03-10,0.0,28,1,0.0,0.005054091
2021-03-11,0.0,28,1,0.0,0.0
2021-03-12,0.0,28,1,0.0,0.0052663
2021-03-13,0.0,28,1,0.0,0.0
2021-03-14,0.0,28,1,0.0,0.0
2021-03-15,0.0,28,1,0.0,0.040447507
2021-03-16,0.0,28,1,0.0,0.059392873
2021-03-17,0.0,28,1,0.0,0.08561481
2021-03-18,0.0,28,1,0.0,0.06429664
2021-03-19,0.0,28,1,0.0012570493,0.08741302
2021-03-20,1.1,28,1,1.1147578,0.0792561
2021-03-21,0.2,28,1,1.496577,0.67822695
2021-03-22,0.3,28,1,0.58071876,0.28296754
2021-03-23,1.4,28,1,0.52196074,0.08234707
2021-03-24,6.6,28,1,1.408824,0.057748344
2021-03-25,1.2,28,1,2.0580208,0.5062263
2021-03-26,0.1,28,1,0.76883876,0.36131772
2021-03-27,0.0,28,1,0.0,0.122467935
2021-03-28,0.2,28,1,0.9100721,0.043208122
2021-03-29,0.0,28,1,0.037628617,0.4460326
2021-03-30,0.0,28,1,0.0,0.121607944
2021-03-31,0.0,28,1,0.0,0.14518803
2021-04-01,0.0,28,1,0.060091022,0.063800424
2021-04-02,2.3,28,1,1.8154092,0.10918437
2021-04-03,0.9,28,1,2.8815851,1.1119604
2021-04-04,0.8,28,1,1.2202084,0.51758826
2021-04-05,0.0,28,1,0.047590323,0.36889476
2021-04-06,0.0,28,1,0.0,0.14196472
2021-04-07,0.1,28,1,0.53807044,0.026195018
2021-04-08,12.0,28,1,2.1749392,0.36110526
2021-04-09,2.3,28,1,4.1530704,1.5832014
2021-04-10,0.8,28,1,1.8670685,1.1496687
2021-04-11,0.0,28,1,0.014542031,0.6147752
2021-04-12,0.1,28,1,1.1224964,0.12572078
2021-04-13,0.2,28,1,1.2889173,0.7189034
2021-04-14,11.7,28,1,1.8213005,0.63104796
2021-04-15,2.4,28,1,5.542026,1.2033052
2021-04-16,10.7,28,1,5.0016875,2.8315547
2021-04-17,7.3,28,1,4.975098,1.8858242
2021-04-18,2.6,28,1,2.7092957,1.7825546
2021-04-19,8.0,28,1,3.0507765,1.0012107
2021-04-20,1.1,28,1,5.8180537,2.971917
2021-04-21,4.3,28,1,3.5730462,2.8041196
2021-04-22,5.9,28,1,6.0335417,2.5684874
2021-04-23,5.2,28,1,6.90606,2.3183162
2021-04-24,0.6,28,1,3.7210422,4.3148937
2021-04-25,0.5,28,1,2.2290645,2.5296695
2021-04-26,0.2,28,1,2.4161334,1.6038043
2021-04-27,0.8,28,1,1.8544669,1.7297618
2021-04-28,3.4,28,1,2.370424,1.5529411
2021-04-29,10.5,28,1,5.17759,1.4381118
2021-04-30,7.5,28,1,2.1124651,2.4331298
2021-05-01,6.8,28,1,3.9459333,1.0263445
2021-05-02,3.2,28,1,2.6070974,3.1321802
2021-05-03,0.1,28,1,1.3060622,3.0576077
2021-05-04,0.5,28,1,1.4616144,1.0379307
2021-05-05,0.0,28,1,0.03188832,1.8510654
2021-05-06,0.2,28,1,2.0900688,0.51091635
2021-05-07,3.3,28,1,2.2699478,1.4752977
2021-05-08,1.9,28,1,2.806064,2.0645869
2021-05-09,12.1,28,1,4.7758856,2.250365
2021-05-10,5.6,28,1,3.1769876,3.2041492
2021-05-11,0.0,28,1,0.0,2.6001773
2021-05-12,0.7,28,1,2.2636216,1.2173524
2021-05-13,1.1,28,1,2.564112,2.622388
2021-05-14,4.0,28,1,2.6604831,1.8503103
2021-05-15,5.3,28,1,3.1451383,1.630806
2021-05-16,1.1,28,1,4.7094626,1.713
2021-05-17,15.6,28,1,4.6426144,2.4058678
2021-05-18,9.0,28,1,5.8139834,2.9616013
2021-05-19,5.7,28,1,7.314555,4.862442
2021-05-20,8.5,28,1,6.6068864,5.224574
2021-05-21,6.1,28,1,6.5343466,3.9303598
2021-05-22,1.6,28,1,6.339836,3.2794738
2021-05-23,6.1,28,1,4.1842427,3.3075857
2021-05-24,14.1,28,1,9.779662,3.733048
2021-05-25,6.1,28,1,11.701852,4.075077
2021-05-26,11.2,28,1,9.546132,3.8132253
2021-05-27,8.4,28,1,8.597336,4.1527476
2021-05-28,2.7,28,1,4.904598,3.4414482
2021-05-29,1.6,28,1,4.5069475,3.4452658
2021-05-30,1.3,28,1,4.1813526,3.924255
2021-05-31,0.7,28,1,4.196423,3.2822518
2021-06-01,0.8,28,1,5.49778,3.075274
2021-06-02,3.2,28,1,5.4321775,3.0234036
2021-06-03,1.7,28,1,5.669872,3.0419536
2021-06-04,0.0,28,1,0.19117513,3.4026642
2021-06-05,0.1,28,1,2.5263827,1.1640275
2021-06-06,7.0,28,1,2.525058,2.1848154
2021-06-07,11.5,28,1,4.8855314,1.440311
2021-06-08,2.3,28,1,8.504735,2.6529868
2021-06-09,1.6,28,1,3.120091,3.2382379
2021-06-10,1.1,28,1,2.7689135,1.8786063
2021-06-11,1.0,28,1,3.171029,2.9190753
2021-06-12,3.2,28,1,6.0702987,2.52208
2021-06-13,3.0,28,1,3.6147728,2.3038774
2021-06-14,3.7,28,1,2.9245417,1.6621075
2021-06-15,0.0,28,1,0.081193365,2.049557
2021-06-16,1.0,28,1,2.5903301,1.2365437
2021-06-17,2.9,28,1,3.7901454,1.9930286
2021-06-18,0.7,28,1,3.0023856,2.9127882
2021-01-01,0.0,29,0,0.0020455506,0.0
2021-01-02,0.0,29,0,0.02705353,0.0
2021-01-03,0.0,29,0,0.0,0.0
2021-01-04,0.0,29,0,0.009426254,0.058839995
2021-01-05,0.0,29,0,0.0,0.0
2021-01-06,0.0,29,0,0.0,0.067681625
2021-01-07,0.1,29,0,0.55568624,0.050541177
2021-01-08,0.0,29,0,0.72680545,0.19337179
2021-01-09,0.0,29,0,0.018724807,0.0
2021-01-10,0.0,29,0,0.008036811,0.010611052
2021-01-11,0.0,29,0,0.08272061,0.0
2021-01-12,0.0,29,0,0.062109713,0.0
2021-01-13,0.0,29,0,0.008199471,0.00038333205
2021-01-14,0.0,29,0,0.0026191175,0.0
2021-01-15,0.0,29,0,0.0,0.0
2021-01-16,0.0,29,0,0.046304483,0.10734096
2021-01-17,0.0,29,0,0.16015339,0.24207239
2021-01-18,0.0,29,0,0.03993051,0.018009214
2021-01-19,0.0,29,0,0.0052183727,0.0
2021-01-20,0.0,29,0,0.0,0.0
2021-01-21,0.1,29,0,0.91587293,0.07690077
2021-01-22,0.0,29,0,0.0,0.5578965
2021-01-23,0.0,29,0,0.0021713506,0.24943048
2021-01-24,0.0,29,0,0.02169448,0.11560727
2021-01-25,3.8,29,0,1.4920917,0.4108001
2021-01-26,0.9,29,0,1.101589,1.2445235
2021-01-27,0.1,29,0,0.94113934,0.6043563
2021-01-28,3.8,29,0,2.016202,0.7736083
2021-01-29,0.0,29,0,0.0,0.38847604
2021-01-30,0.7,29,0,1.0355976,0.11253948
2021-01-31,1.6,29,0,1.0387747,1.2683549
2021-02-01,0.5,29,0,1.1228404,0.8441137
2021-02-02,0.0,29,0,0.025941005,0.84811497
2021-02-03,0.0,29,0,0.009649857,0.31817997
2021-02-04,0.1,29,0,0.35393095,0.29836306
2021-02-05,0.0,29,0,0.0,0.45325795
2021-02-06,0.0,29,0,0.0,0.5176624
2021-02-07,0.0,29,0,0.0,0.1578995
2021-02-08,2.5,29,0,1.5691075,0.22383241
2021-02-09,58.9,29,0,8.947038,1.1112256
2021-02-10,0.0,29,0,0.0,2.24362
2021-02-11,0.0,29,0,0.07608343,0.2736941
2021-02-12,0.1,29,0,0.50070024,0.17297299
2021-02-13,0.0,29,0,0.07566909,0.50094306
2021-02-14,0.0,29,0,0.021667711,0.17623982
2021-02-15,0.0,29,0,0.07755913,0.22869517
2021-02-16,0.1,29,0,1.216059,0.24170841
2021-02-17,0.2,29,0,1.583952,0.90585184
2021-02-18,0.0,29,0,0.027267458,0.39724255
2021-02-19,0.0,29,0,0.015647206,0.17984271
2021-02-20,0.0,29,0,0.0,0.1835858
2021-02-21,0.0,29,0,0.035384342,0.08183444
2021-02-22,0.4,29,0,0.4852507,0.025496008
2021-02-23,0.0,29,0,0.043559026,1.3018918
2021-02-24,0.2,29,0,0.3545573,0.19834925
2021-02-25,0.4,29,0,1.0122688,0.52903235
2021-02-26,0.7,29,0,1.3837361,0.90055454
2021-02-27,1.8,29,0,2.1933956,0.9384966
2021-02-28,1.1,29,0,1.6714828,0.9202316
2021-03-01,1.7,29,0,2.3731937,1.5735517
2021-03-02,1.4,29,0,0.8172667,1.9663072
2021-03-03,0.8,29,0,0.8660058,0.25981307
2021-03-04,4.2,29,0,1.6432116,1.2991171
2021-03-05,3.9,29,0,4.0455384,1.6976504
2021-03-06,3.2,29,0,4.6188164,1.601984
2021-03-07,2.6,29,0,2.9535267,1.4884222
2021-03-08,3.6,29,0,2.4460907,1.253633
2021-03-09,2.8,29,0,2.914392,1.4955523
2021-03-10,3.4,29,0,2.1491528,2.4125886
2021-03-11,1.6,29,0,1.4475653,1.105222
2021-03-12,2.0,29,0,0.7797204,0.7066729
2021-03-13,0.5,29,0,0.7606969,0.77391744
2021-03-14,0.0,29,0,0.029223032,1.084362
2021-03-15,1.6,29,0,0.86553264,0.4341468
2021-03-16,0.6,29,0,1.4829674,2.0415726
2021-03-17,0.1,29,0,1.2041175,1.0781953
2021-03-18,0.3,29,0,1.1477263,1.0860128
2021-03-19,0.3,29,0,1.0066187,1.1658576
2021-03-20,1.6,29,0,1.010345,1.1184814
2021-03-21,4.9,29,0,7.192689,1.0581357
2021-03-22,0.4,29,0,4.128498,1.5470991
2021-03-23,0.0,29,0,0.020148063,0.36499566
2021-03-24,0.0,29,0,0.0,0.2572731
2021-03-25,0.6,29,0,0.72692204,0.66759205
2021-03-26,0.9,29,0,1.4937441,1.0418718
2021-03-27,0.5,29,0,1.5225909,1.2428372
2021-03-28,1.5,29,0,1.4256124,1.175472
2021-03-29,0.4,29,0,1.3468351,1.1457822
2021-03-30,0.1,29,0,0.9748101,1.0737486
2021-03-31,0.0,29,0,0.03851768,0.9864174
2021-04-01,0.2,29,0,1.4650271,0.5470859
2021-04-02,1.8,29,0,4.350836,1.2669051
2021-04-03,2.8,29,0,4.715355,1.708811
2021-04-04,8.9,29,0,2.3345292,1.3085775
2021-04-05,23.8,29,0,5.433764,1.3382647
2021-04-06,11.6,29,0,3.3736305,2.512188
2021-04-07,14.4,29,0,3.3554606,2.602471
2021-04-08,22.5,29,0,3.755496,3.1176586
2021-04-09,7.2,29,0,4.991036,2.6023164
2021-04-10,7.7,29,0,5.7590146,2.2286847
2021-04-11,5.1,29,0,4.5648885,3.1693096
2021-04-12,1.9,29,0,3.7476234,2.029371
2021-04-13,0.7,29,0,1.4896758,2.0214245
2021-04-14,3.2,29,0,1.5347805,1.2018104
2021-04-15,2.8,29,0,3.635625,1.3651683
2021-04-16,2.5,29,0,6.5905304,2.0045855
2021-04-17,1.5,29,0,3.876512,2.117435
2021-04-18,7.8,29,0,5.8928137,1.2430668
2021-04-19,10.4,29,0,6.407321,3.0431304
2021-04-20,10.4,29,0,5.8175845,2.1348205
2021-04-21,9.8,29,0,7.5258636,2.462978
2021-04-22,4.0,29,0,6.441878,2.5984652
2021-04-23,4.1,29,0,6.397785,2.44799
2021-04-24,6.1,29,0,9.417261,2.4421237
2021-04-25,13.1,29,0,10.800023,2.6691067
2021-04-26,26.3,29,0,18.287495,2.5250823
2021-04-27,12.6,29,0,11.398012,2.5928698
2021-04-28,14.3,29,0,7.1784973,3.092917
2021-04-29,2.9,29,0,2.5094457,3.363728
2021-04-30,0.0,29,0,0.0,0.7206068
2021-05-01,11.5,29,0,2.9464166,0.46493453
2021-05-02,11.2,29,0,8.26474,3.2613106
2021-05-03,19.2,29,0,10.37635,3.2777119
2021-05-04,2.4,29,0,13.861991,3.4448218
2021-05-05,11.8,29,0,14.382512,4.6988754
2021-05-06,30.0,29,0,12.26451,3.2406082
2021-05-07,3.7,29,0,9.589339,4.5562987
2021-05-08,5.6,29,0,6.790885,6.1838655
2021-05-09,2.5,29,0,9.025792,5.826205
2021-05-10,10.1,29,0,9.83421,5.250957
2021-05-11,2.8,29,0,10.46422,4.6916795
2021-05-12,5.6,29,0,6.2643085,5.7227902
2021-05-13,13.3,29,0,15.290583,4.335322
2021-05-14,7.1,29,0,11.028768,6.4861765
2021-05-15,7.7,29,0,14.390734,5.4073153
2021-05-16,8.0,29,0,15.730131,5.3837214
2021-05-17,23.1,29,0,13.2862425,6.0298853
2021-05-18,7.4,29,0,15.61801,4.801282
2021-05-19,16.0,29,0,14.976115,6.773583
2021-05-20,8.3,29,0,17.780573,7.186466
2021-05-21,22.7,29,0,22.716015,9.060291
2021-05-22,13.4,29,0,21.005049,7.57082
2021-05-23,14.2,29,0,17.148834,10.361098
2021-05-24,12.4,29,0,13.97668,7.2384214
2021-05-25,10.4,29,0,7.4773693,6.5286098
2021-05-26,1.7,29,0,7.394579,5.9886136
2021-05-27,3.6,29,0,6.411338,7.3640127
2021-05-28,2.1,29,0,4.572325,5.2039275
2021-05-29,1.1,29,0,6.2859855,4.658948
2021-05-30,5.3,29,0,11.866033,6.9256954
2021-05-31,2.6,29,0,5.020738,6.392168
2021-06-01,9.0,29,0,13.4117985,4.0866857
2021-06-02,18.3,29,0,22.298458,6.0124702
2021-06-03,4.5,29,0,16.21309,6.778266
2021-06-04,11.9,29,0,6.8666334,5.76113
2021-06-05,0.2,29,0,3.3123837,1.9675205
2021-06-06,1.4,29,0,1.9185979,1.6986582
2021-06-07,39.3,29,0,16.129204,1.9943945
2021-06-08,22.3,29,0,14.190746,5.0481215
2021-06-09,14.3,29,0,13.866332,3.6245794
2021-06-10,31.2,29,0,14.630005,7.430541
2021-06-11,46.6,29,0,20.791927,7.753974
2021-06-12,20.3,29,0,16.31491,8.316644
2021-06-13,24.6,29,0,37.892036,8.68286
2021-06-14,5.1,29,0,11.741148,13.864163
2021-06-15,0.0,29,0,0.07553591,5.600415
2021-06-16,0.2,29,0,6.330376,3.208589
2021-06-17,0.5,29,0,4.3353343,5.108393
2021-06-18,0.0,29,0,0.11777202,3.2371097
2021-01-01,0.0,30,3,0.0,0.09604017
2021-01-02,0.0,30,3,0.0052951192,0.027571319
2021-01-03,0.0,30,3,0.0,0.071472555
2021-01-04,0.0,30,3,0.0,0.23434411
2021-01-05,0.0,30,3,0.0,0.056629736
2021-01-06,0.2,30,3,0.59294987,0.27158633
2021-01-07,1.3,30,3,1.7641065,0.35407478
2021-01-08,0.3,30,3,1.0918188,0.7821567
2021-01-09,0.0,30,3,0.0,0.21169814
2021-01-10,0.0,30,3,0.0,0.09780024
2021-01-11,0.0,30,3,0.0,0.13694648
2021-01-12,0.0,30,3,0.0031554203,0.02406865
2021-01-13,0.0,30,3,0.0,0.02764629
2021-01-14,0.0,30,3,0.019201223,0.028202493
2021-01-15,0.0,30,3,0.010865876,0.04024139
2021-01-16,0.5,30,3,1.1559699,0.14823061
2021-01-17,7.5,30,3,2.1307092,0.6290556
2021-01-18,0.0,30,3,0.0065166415,0.52310634
2021-01-19,0.0,30,3,0.0,0.024831556
2021-01-20,0.0,30,3,0.0,0.1147966
2021-01-21,0.1,30,3,0.40066957,0.20431693
2021-01-22,0.0,30,3,0.0,0.6636368
2021-01-23,0.0,30,3,0.0,0.29844096
2021-01-24,0.0,30,3,0.0,0.12699173
2021-01-25,0.7,30,3,1.8228695,0.2930982
2021-01-26,0.2,30,3,0.53746617,1.7891104
2021-01-27,0.0,30,3,0.0,0.3715927
2021-01-28,2.0,30,3,2.018625,0.3363295
2021-01-29,0.0,30,3,0.0,0.87595844
2021-01-30,1.1,30,3,1.1582234,0.17913693
2021-01-31,0.6,30,3,1.3536427,2.5693984
2021-02-01,0.4,30,3,0.9749918,0.99924564
2021-02-02,0.2,30,3,0.3971465,0.59523726
2021-02-03,0.0,30,3,0.0,0.31568605
2021-02-04,0.1,30,3,0.37498677,0.35505268
2021-02-05,0.4,30,3,0.28803194,0.4780073
2021-02-06,0.0,30,3,0.0,0.49263853
2021-02-07,0.0,30,3,0.0,0.22076066
2021-02-08,0.7,30,3,1.3517861,0.34164605
2021-02-09,11.7,30,3,6.135486,2.1399217
2021-02-10,0.0,30,3,0.0,2.1505837
2021-02-11,0.0,30,3,0.0,0.2627195
2021-02-12,0.0,30,3,0.0,0.10630482
2021-02-13,0.0,30,3,0.0,0.18836291
2021-02-14,0.0,30,3,0.0,0.07098563
2021-02-15,0.0,30,3,0.0,0.21795908
2021-02-16,1.0,30,3,1.111557,0.18598005
2021-02-17,2.4,30,3,1.5911095,1.3556714
2021-02-18,1.8,30,3,1.278033,0.49615037
2021-02-19,0.1,30,3,0.44185543,0.88238907
2021-02-20,0.0,30,3,0.0018419317,0.233356
2021-02-21,0.0,30,3,0.0,0.030407336
2021-02-22,0.0,30,3,0.0,0.13235317
2021-02-23,0.2,30,3,0.31117877,0.23889825
2021-02-24,0.0,30,3,0.0,0.78612745
2021-02-25,0.2,30,3,0.6424668,0.24384005
2021-02-26,0.6,30,3,1.6348169,1.0261815
2021-02-27,1.4,30,3,2.906664,1.2408078
2021-02-28,0.6,30,3,1.7533424,1.6952953
2021-03-01,0.8,30,3,2.294854,1.0178897
2021-03-02,2.9,30,3,2.0090053,3.2107253
2021-03-03,0.1,30,3,1.3480861,0.4292491
2021-03-04,0.3,30,3,0.8750746,1.1300149
2021-03-05,0.4,30,3,0.9765655,1.1517394
2021-03-06,1.4,30,3,1.931675,0.99488616
2021-03-07,2.9,30,3,3.0121217,1.5336633
2021-03-08,0.1,30,3,2.0572734,1.4896951
2021-03-09,2.8,30,3,1.7621808,0.7469486
2021-03-10,1.3,30,3,1.0903447,1.3456864
2021-03-11,0.2,30,3,1.3257172,0.50053
2021-03-12,0.1,30,3,0.5390781,0.900913
2021-03-13,0.5,30,3,0.8007767,0.5386007
2021-03-14,0.0,30,3,0.0,0.79398274
2021-03-15,0.2,30,3,0.42080885,0.17949416
2021-03-16,0.4,30,3,0.7119324,1.9146667
2021-03-17,0.5,30,3,1.0595231,0.7671263
2021-03-18,0.4,30,3,0.96308756,1.0187967
2021-03-19,0.3,30,3,0.7831584,1.05025
2021-03-20,0.5,30,3,1.4578161,0.757372
2021-03-21,1.5,30,3,3.6182055,1.7525921
2021-03-22,0.3,30,3,5.052661,1.2457337
2021-03-23,0.0,30,3,0.0,0.7525116
2021-03-24,0.2,30,3,0.6120864,0.23728368
2021-03-25,0.2,30,3,1.2172413,0.88647056
2021-03-26,0.3,30,3,0.95884967,0.84190094
2021-03-27,0.6,30,3,0.9022912,1.1292284
2021-03-28,3.5,30,3,1.1086283,0.7920401
2021-03-29,0.1,30,3,2.0251067,0.87376416
2021-03-30,8.3,30,3,0.47753277,0.7107792
2021-03-31,0.0,30,3,0.0,0.7452532
2021-04-01,0.0,30,3,0.0043425644,0.8083043
2021-04-02,0.8,30,3,4.474379,0.5782472
2021-04-03,0.6,30,3,2.7593982,1.9396727
2021-04-04,1.2,30,3,1.6327171,1.1925187
2021-04-05,0.9,30,3,1.5444353,1.0533524
2021-04-06,0.0,30,3,0.0,0.63939905
2021-04-07,2.5,30,3,0.9842926,0.2844537
2021-04-08,5.5,30,3,1.5742836,1.9647744
2021-04-09,1.5,30,3,9.009983,1.046036
2021-04-10,1.2,30,3,1.6410694,3.1633925
2021-04-11,0.9,30,3,1.5325909,0.5928061
2021-04-12,0.1,30,3,0.6461139,1.2498112
2021-04-13,0.1,30,3,0.6541865,0.6004851
2021-04-14,2.7,30,3,0.7867638,0.6945455
2021-04-15,1.5,30,3,2.497993,1.097446
2021-04-16,2.9,30,3,3.481985,1.0885386
2021-04-17,5.7,30,3,4.7672267,1.17096
2021-04-18,11.7,30,3,3.999918,1.5433302
2021-04-19,5.2,30,3,4.069405,1.4960926
2021-04-20,0.8,30,3,2.3859112,1.4617891
2021-04-21,0.4,30,3,2.146106,1.0619965
2021-04-22,0.8,30,3,1.2651653,1.444679
2021-04-23,1.2,30,3,2.6235805,1.0269673
2021-04-24,1.0,30,3,2.8762403,1.2193458
2021-04-25,5.0,30,3,5.324703,1.3503652
2021-04-26,17.8,30,3,7.284974,2.1912217
2021-04-27,112.3,30,3,11.055805,1.4844453
2021-04-28,10.9,30,3,17.065832,4.2216153
2021-04-29,14.3,30,3,5.1182857,4.4542475
2021-04-30,0.0,30,3,0.0,1.6459694
2021-05-01,10.3,30,3,2.8579297,0.32759804
2021-05-02,16.3,30,3,8.923842,1.6032927
2021-05-03,6.0,30,3,8.249928,2.0373604
2021-05-04,1.3,30,3,5.7260942,1.5206084
2021-05-05,22.2,30,3,7.223646,0.80274487
2021-05-06,10.7,30,3,6.971473,2.3138838
2021-05-07,0.5,30,3,3.956749,1.3686063
2021-05-08,1.5,30,3,5.3308625,0.76486707
2021-05-09,0.4,30,3,5.661287,2.2299194
2021-05-10,0.0,30,3,0.04713083,1.0560327
2021-05-11,0.0,30,3,0.16036505,0.36224306
2021-05-12,0.2,30,3,3.7450085,0.45622706
2021-05-13,0.3,30,3,3.5508466,1.4898486
2021-05-14,1.8,30,3,3.936491,1.4517558
2021-05-15,0.1,30,3,5.397674,1.336772
2021-05-16,0.2,30,3,3.5597315,1.4954462
2021-05-17,3.9,30,3,4.4599595,1.2544389
2021-05-18,12.0,30,3,5.2459865,1.5019174
2021-05-19,0.1,30,3,6.1975884,1.4789493
2021-05-20,0.0,30,3,0.14608137,2.0481384
2021-05-21,0.1,30,3,3.2108026,0.66490614
2021-05-22,0.0,30,3,0.17311996,2.6329544
2021-05-23,0.5,30,3,2.8674078,0.687945
2021-05-24,3.2,30,3,5.2600527,2.3471437
2021-05-25,9.9,30,3,16.78703,2.0387545
2021-05-26,0.3,30,3,7.507128,4.841167
2021-05-27,5.2,30,3,4.661734,1.369292
2021-05-28,5.4,30,3,7.032688,3.153862
2021-05-29,0.0,30,3,0.0,2.6754744
2021-05-30,0.0,30,3,0.0,0.6392151
2021-05-31,0.0,30,3,0.013708964,0.5232482
2021-06-01,0.1,30,3,0.8123529,0.6945771
2021-06-02,0.1,30,3,1.5275521,3.0367422
2021-06-03,0.0,30,3,0.22713162,1.4088252
2021-06-04,1.1,30,3,0.82502794,0.75881886
2021-06-05,18.4,30,3,4.186896,0.49776164
2021-06-06,34.4,30,3,17.003962,5.8210917
2021-06-07,13.5,30,3,11.015738,9.9023695
2021-06-08,21.0,30,3,11.928133,6.920395
2021-06-09,20.9,30,3,21.672762,6.362654
2021-06-10,13.3,30,3,12.8182335,10.5902815
2021-06-11,29.5,30,3,16.968315,8.946106
2021-06-12,46.8,30,3,34.404762,8.986627
2021-06-13,130.8,30,3,44.683746,14.525475
2021-06-14,0.1,30,3,3.3965225,18.732967
2021-06-15,0.0,30,3,0.0,2.3084314
2021-06-16,0.0,30,3,0.0,0.56220055
2021-06-17,0.0,30,3,0.0,0.5198237
2021-06-18,0.1,30,3,0.5046046,0.3719735
2021-01-01,0.0,31,1,0.003147172,0.5678853
2021-01-02,0.4,31,1,1.2936857,0.30168927
2021-01-03,0.0,31,1,0.008410416,1.2027967
2021-01-04,0.1,31,1,1.1225088,0.48188362
2021-01-05,3.1,31,1,7.571739,0.80012405
2021-01-06,0.0,31,1,0.0,1.7265413
2021-01-07,0.0,31,1,0.0,0.39943117
2021-01-08,0.0,31,1,0.0,0.17567956
2021-01-09,0.2,31,1,0.5382718,0.19413766
2021-01-10,0.0,31,1,0.0,0.5516211
2021-01-11,0.0,31,1,0.0,0.29338318
2021-01-12,0.0,31,1,0.0,0.31058922
2021-01-13,0.0,31,1,0.0,0.2281813
2021-01-14,0.1,31,1,0.558527,0.24015218
2021-01-15,0.0,31,1,0.0,0.6244718
2021-01-16,0.0,31,1,0.0,0.22891629
2021-01-17,0.0,31,1,0.0,0.27117884
2021-01-18,0.0,31,1,0.0,0.12223366
2021-01-19,0.0,31,1,0.011404297,0.10452696
2021-01-20,0.0,31,1,0.0,0.2775578
2021-01-21,0.0,31,1,0.010929623,0.25245285
2021-01-22,0.2,31,1,1.180301,0.38749206
2021-01-23,3.6,31,1,2.4055717,1.6515822
2021-01-24,0.5,31,1,1.2276328,2.131948
2021-01-25,0.1,31,1,0.49490726,0.47619513
2021-01-26,0.0,31,1,0.0,0.33927882
2021-01-27,0.0,31,1,0.0,0.1777588
2021-01-28,0.0,31,1,0.0,0.23221016
2021-01-29,0.0,31,1,0.0,0.11418599
2021-01-30,0.0,31,1,0.0,0.04692015
2021-01-31,0.0,31,1,0.0,0.048647717
2021-02-01,0.0,31,1,0.0,0.08108704
2021-02-02,0.0,31,1,0.0,0.12870476
2021-02-03,0.0,31,1,0.0,0.043968614
2021-02-04,0.0,31,1,0.0,0.05440649
2021-02-05,0.0,31,1,0.0,0.025600536
2021-02-06,0.0,31,1,0.0,0.09997525
2021-02-07,0.0,31,1,0.0,0.06232697
2021-02-08,0.0,31,1,0.0,0.074622326
2021-02-09,0.0,31,1,0.0,0.041670922
2021-02-10,0.0,31,1,0.05360899,0.020706523
2021-02-11,0.1,31,1,0.91824985,0.15907805
2021-02-12,1.6,31,1,0.55255544,0.45115948
2021-02-13,0.0,31,1,0.005164617,0.15946673
2021-02-14,0.0,31,1,0.0,0.0029234628
2021-02-15,0.0,31,1,0.025295636,0.013267017
2021-02-16,0.0,31,1,0.0,0.075813204
2021-02-17,0.0,31,1,0.0015098036,0.0
2021-02-18,0.0,31,1,0.0,0.0
2021-02-19,0.0,31,1,0.0,0.0
2021-02-20,0.0,31,1,0.0,0.0
2021-02-21,0.0,31,1,0.0,0.0
2021-02-22,0.0,31,1,0.0,0.0
2021-02-23,0.0,31,1,0.0,0.0
2021-02-24,0.0,31,1,0.0,0.080086194
2021-02-25,0.0,31,1,0.08182301,0.056030206
2021-02-26,0.0,31,1,0.2336178,0.093961336
2021-02-27,0.0,31,1,0.012934424,0.1641941
2021-02-28,0.0,31,1,0.08662823,0.06474004
2021-03-01,0.0,31,1,0.0,0.08005162
2021-03-02,0.0,31,1,0.0,0.031344492
2021-03-03,0.0,31,1,0.0,0.032692246
2021-03-04,0.0,31,1,0.0,0.0
2021-03-05,0.0,31,1,0.0,0.0
2021-03-06,0.0,31,1,0.0,0.0
2021-03-07,0.0,31,1,0.0,0.0
2021-03-08,0.0,31,1,0.0,0.008647424
2021-03-09,0.0,31,1,0.0,0.0
2021-03-10,0.0,31,1,0.0,0.0
2021-03-11,0.0,31,1,0.0,0.0
2021-03-12,0.0,31,1,0.0,0.0
2021-03-13,0.0,31,1,0.0,0.0
2021-03-14,0.0,31,1,0.0,0.0
2021-03-15,0.0,31,1,0.0,0.0
2021-03-16,0.0,31,1,0.00022878118,0.005079372
2021-03-17,0.0,31,1,0.0,0.028306315
2021-03-18,0.0,31,1,0.018642003,0.037749
2021-03-19,0.4,31,1,1.1224046,0.038469855
2021-03-20,0.1,31,1,0.7174417,0.27514836
2021-03-21,0.0,31,1,0.009138817,0.20443833
2021-03-22,0.0,31,1,0.0,0.07696272
2021-03-23,0.0,31,1,0.0,0.0
2021-03-24,0.0,31,1,0.008892582,0.0
2021-03-25,0.0,31,1,0.0006865336,0.021188239
2021-03-26,0.1,31,1,0.3306199,0.0
2021-03-27,0.0,31,1,0.0,0.0037576053
2021-03-28,0.0,31,1,0.07229664,0.0
2021-03-29,0.0,31,1,0.025531925,0.04064275
2021-03-30,0.0,31,1,0.0,0.0
2021-03-31,0.0,31,1,0.0,0.039464656
2021-04-01,0.0,31,1,0.01280818,0.0
2021-04-02,1.7,31,1,1.4720168,0.008710312
2021-04-03,2.3,31,1,3.8843045,0.4835337
2021-04-04,0.0,31,1,0.0,0.41441047
2021-04-05,0.5,31,1,0.7892281,0.113478735
2021-04-06,0.0,31,1,0.0,0.11004872
2021-04-07,0.2,31,1,0.7291229,0.0
2021-04-08,10.5,31,1,1.3858163,0.22987601
2021-04-09,6.7,31,1,5.5356126,0.45374003
2021-04-10,2.7,31,1,2.4371262,0.74542797
2021-04-11,0.9,31,1,2.6757724,0.21045612
2021-04-12,0.4,31,1,1.6895306,0.2906561
2021-04-13,0.5,31,1,1.4254107,0.3068891
2021-04-14,6.5,31,1,3.5154505,0.49224994
2021-04-15,4.0,31,1,4.316556,1.6461794
2021-04-16,15.1,31,1,5.2820272,0.8315711
2021-04-17,2.4,31,1,5.74392,1.9657388
2021-04-18,5.8,31,1,3.8263125,2.1891694
2021-04-19,15.1,31,1,3.0447168,1.764754
2021-04-20,0.9,31,1,4.9979305,1.614814
2021-04-21,5.7,31,1,3.9070177,4.32624
2021-04-22,2.5,31,1,4.4102573,2.674201
2021-04-23,5.1,31,1,3.937573,1.923986
2021-04-24,0.8,31,1,3.7473354,3.1147695
2021-04-25,0.9,31,1,2.8164308,2.0887136
2021-04-26,1.2,31,1,2.5240226,1.8940067
2021-04-27,2.1,31,1,3.0272465,1.4154081
2021-04-28,4.1,31,1,4.322391,2.0593565
2021-04-29,3.3,31,1,3.0784664,2.0206203
2021-04-30,0.2,31,1,1.6235564,1.7903905
2021-05-01,2.5,31,1,1.9121525,0.7241963
2021-05-02,3.6,31,1,3.503653,2.448229
2021-05-03,0.5,31,1,1.8880441,1.8698883
2021-05-04,0.7,31,1,1.8744826,1.47439
2021-05-05,0.0,31,1,0.15694489,1.8131242
2021-05-06,4.6,31,1,3.5254245,0.80457664
2021-05-07,9.4,31,1,2.968249,1.6987958
2021-05-08,0.8,31,1,6.1114144,1.8504989
2021-05-09,3.3,31,1,3.5746021,3.635325
2021-05-10,0.2,31,1,2.9433048,2.8459554
2021-05-11,0.6,31,1,2.478669,1.8674898
2021-05-12,0.6,31,1,2.064592,2.329822
2021-05-13,0.3,31,1,2.4967377,1.6664762
2021-05-14,3.8,31,1,2.9632568,1.9337003
2021-05-15,12.3,31,1,5.8974967,2.4405694
2021-05-16,10.2,31,1,9.802161,3.0135107
2021-05-17,16.3,31,1,8.346178,3.4140124
2021-05-18,5.1,31,1,9.119691,4.313303
2021-05-19,8.9,31,1,7.6736593,4.093727
2021-05-20,19.4,31,1,10.886591,4.3946967
2021-05-21,4.9,31,1,9.837045,4.724216
2021-05-22,23.1,31,1,7.7777405,4.3328495
2021-05-23,18.8,31,1,10.71905,4.219308
2021-05-24,12.5,31,1,13.897438,4.686118
2021-05-25,2.8,31,1,6.371913,6.701519
2021-05-26,7.0,31,1,8.889069,3.964995
2021-05-27,2.8,31,1,8.5146265,5.5149164
2021-05-28,4.4,31,1,6.6954527,3.304587
2021-05-29,0.6,31,1,6.489497,4.041232
2021-05-30,2.0,31,1,5.579913,3.9020476
2021-05-31,1.0,31,1,5.968454,4.0767713
2021-06-01,2.7,31,1,4.1336665,3.4359894
2021-06-02,1.8,31,1,6.038974,3.4653578
2021-06-03,4.0,31,1,6.126609,3.3667479
2021-06-04,1.2,31,1,7.3332367,3.651554
2021-06-05,0.4,31,1,4.6402326,3.6648884
2021-06-06,7.9,31,1,3.1855974,2.7831864
2021-06-07,5.4,31,1,7.854821,2.2232933
2021-06-08,1.6,31,1,6.6224484,3.2967582
2021-06-09,3.1,31,1,2.8839827,3.498208
2021-06-10,3.6,31,1,4.6325336,2.1549654
2021-06-11,0.4,31,1,3.8474283,3.568553
2021-06-12,16.6,31,1,8.750199,2.478618
2021-06-13,5.7,31,1,7.467946,3.3572717
2021-06-14,0.5,31,1,3.002233,2.9435112
2021-06-15,0.6,31,1,2.8512137,2.5389884
2021-06-16,5.1,31,1,4.405193,3.0697165
2021-06-17,1.9,31,1,4.524672,3.483284
2021-06-18,0.2,31,1,3.3718467,3.456718
2021-01-01,9.2,32,3,18.842287,6.6127377
2021-01-02,17.2,32,3,15.686604,9.939611
2021-01-03,14.0,32,3,18.286068,5.7375517
2021-01-04,19.4,32,3,11.403854,4.506895
2021-01-05,29.6,32,3,13.700738,8.5749
2021-01-06,18.6,32,3,11.516119,7.621419
2021-01-07,11.9,32,3,10.351297,8.356601
2021-01-08,19.0,32,3,5.4595065,7.6072454
2021-01-09,13.1,32,3,5.2931204,8.846803
2021-01-10,8.4,32,3,5.0432777,6.4074445
2021-01-11,13.4,32,3,10.581094,5.136701
2021-01-12,8.5,32,3,8.979655,17.666988
2021-01-13,2.4,32,3,2.6868076,4.093257
2021-01-14,0.7,32,3,1.4169056,1.7625062
2021-01-15,0.1,32,3,0.81711423,1.6963551
2021-01-16,1.6,32,3,1.4289436,1.1068847
2021-01-17,6.7,32,3,2.9433777,2.2100213
2021-01-18,11.7,32,3,5.1739216,2.5396638
2021-01-19,4.5,32,3,6.376663,4.522546
2021-01-20,0.2,32,3,1.8538599,6.4034033
2021-01-21,0.3,32,3,2.1614394,1.6269388
2021-01-22,2.1,32,3,2.129957,2.799213
2021-01-23,1.2,32,3,2.6255908,2.183351
2021-01-24,0.2,32,3,1.0411508,2.050273
2021-01-25,0.0,32,3,0.0,0.7989372
2021-01-26,0.4,32,3,0.85610795,0.5303296
2021-01-27,2.0,32,3,1.8725471,3.3949757
2021-01-28,4.3,32,3,3.5878778,2.9853323
2021-01-29,5.8,32,3,4.1146526,4.365505
2021-01-30,6.3,32,3,4.980045,5.6621027
2021-01-31,10.9,32,3,5.623594,4.196909
2021-02-01,1.1,32,3,2.4021158,2.6043015
2021-02-02,2.1,32,3,1.3435407,0.831921
2021-02-03,8.1,32,3,4.706725,3.4688516
2021-02-04,5.8,32,3,4.8729887,5.5647025
2021-02-05,3.5,32,3,2.0733097,4.876879
2021-02-06,2.1,32,3,1.5389903,1.0826926
2021-02-07,0.8,32,3,1.8616261,1.9623926
2021-02-08,2.5,32,3,1.934376,2.6386254
2021-02-09,1.7,32,3,1.5314498,2.6182275
2021-02-10,0.7,32,3,3.0445957,1.101115
2021-02-11,0.4,32,3,1.5508163,3.6483183
2021-02-12,0.7,32,3,0.98839784,1.5224979
2021-02-13,0.4,32,3,0.8441074,1.3612125
2021-02-14,0.0,32,3,0.0,0.9737816
2021-02-15,0.0,32,3,0.0,0.7035184
2021-02-16,0.0,32,3,0.0,0.43008852
2021-02-17,1.9,32,3,2.159411,0.29918325
2021-02-18,14.4,32,3,5.472331,4.147861
2021-02-19,13.7,32,3,6.1622667,5.9877048
2021-02-20,7.9,32,3,4.994232,4.3762193
2021-02-21,2.4,32,3,1.3013484,3.8328972
2021-02-22,0.0,32,3,0.0,0.4166699
2021-02-23,0.2,32,3,0.48625556,0.3001192
2021-02-24,0.0,32,3,0.0,0.71743715
2021-02-25,0.0,32,3,0.0,0.359296
2021-02-26,0.0,32,3,0.0,0.25550422
2021-02-27,0.0,32,3,0.0,0.28158563
2021-02-28,3.0,32,3,1.7889419,0.38935405
2021-03-01,0.7,32,3,2.7721584,3.0409927
2021-03-02,0.6,32,3,1.1345685,2.1536057
2021-03-03,3.9,32,3,2.178222,1.3172708
2021-03-04,1.2,32,3,2.3176458,2.2760978
2021-03-05,0.1,32,3,0.6083764,1.2951226
2021-03-06,0.0,32,3,0.0,0.6962507
2021-03-07,0.3,32,3,0.55742526,0.3533212
2021-03-08,3.0,32,3,1.506279,1.2498586
2021-03-09,3.7,32,3,2.457912,2.0833883
2021-03-10,5.5,32,3,2.8164644,2.4843283
2021-03-11,4.2,32,3,2.8471725,2.1700537
2021-03-12,1.2,32,3,3.2750282,1.8910065
2021-03-13,1.1,32,3,1.2347775,1.5095868
2021-03-14,1.1,32,3,1.1954656,0.8674848
2021-03-15,0.4,32,3,0.8089955,0.8458452
2021-03-16,0.0,32,3,0.0,1.2102256
2021-03-17,0.0,32,3,0.0,0.30924356
2021-03-18,0.2,32,3,0.75689757,0.3543352
2021-03-19,0.2,32,3,0.9640393,1.7717996
2021-03-20,0.4,32,3,0.7912142,1.1194124
2021-03-21,1.4,32,3,1.3466663,1.3785691
2021-03-22,18.6,32,3,7.894823,1.3595965
2021-03-23,27.3,32,3,26.142725,4.913614
2021-03-24,16.5,32,3,17.03631,13.3292
2021-03-25,26.5,32,3,12.522353,7.1241255
2021-03-26,11.7,32,3,11.356802,2.1663313
2021-03-27,1.3,32,3,6.497549,5.0950794
2021-03-28,0.3,32,3,1.9406781,1.9833791
2021-03-29,0.0,32,3,0.0,1.3466167
2021-03-30,0.0,32,3,0.0054695318,0.3930993
2021-03-31,0.0,32,3,0.03321531,0.40506148
2021-04-01,0.0,32,3,0.05376744,0.36139822
2021-04-02,0.0,32,3,0.076255,0.45835176
2021-04-03,0.3,32,3,1.4273691,0.40455702
2021-04-04,2.0,32,3,2.938075,1.2734444
2021-04-05,0.2,32,3,1.173034,2.4809363
2021-04-06,0.2,32,3,0.70833063,0.38645107
2021-04-07,0.0,32,3,0.0,0.7865292
2021-04-08,0.3,32,3,0.5079262,0.3855705
2021-04-09,2.0,32,3,1.0251145,0.77819884
2021-04-10,10.0,32,3,4.5784445,0.8656013
2021-04-11,1.7,32,3,3.1356826,1.912559
2021-04-12,1.1,32,3,1.3655984,1.0900154
2021-04-13,0.1,32,3,0.90444314,1.2558174
2021-04-14,0.0,32,3,0.0,0.44004592
2021-04-15,0.0,32,3,0.0,0.29569724
2021-04-16,0.0,32,3,0.0,0.20184195
2021-04-17,0.0,32,3,0.0,0.20720147
2021-04-18,0.0,32,3,0.0,0.13802761
2021-04-19,2.6,32,3,0.9681051,0.21397445
2021-04-20,6.1,32,3,3.131073,1.1384926
2021-04-21,14.1,32,3,5.8881736,3.1876664
2021-04-22,4.2,32,3,4.8017774,2.5622826
2021-04-23,0.7,32,3,3.8598084,2.2597015
2021-04-24,0.4,32,3,1.787354,1.7904978
2021-04-25,1.4,32,3,2.4783542,1.6632776
2021-04-26,1.3,32,3,2.875824,3.3303537
2021-04-27,1.7,32,3,2.441331,2.5396397
2021-04-28,0.1,32,3,1.3986704,1.6476309
2021-04-29,0.4,32,3,1.0618284,0.63886654
2021-04-30,0.0,32,3,0.0,1.3250613
2021-05-01,0.3,32,3,1.2783196,0.4407343
2021-05-02,0.2,32,3,0.9606341,2.2675157
2021-05-03,0.1,32,3,1.2371435,0.87274015
2021-05-04,0.0,32,3,0.0,1.0851924
2021-05-05,0.9,32,3,1.9705129,0.7934669
2021-05-06,27.3,32,3,6.3200116,2.6828265
2021-05-07,2.8,32,3,5.24943,3.518774
2021-05-08,0.1,32,3,2.613767,2.5294073
2021-05-09,0.0,32,3,0.0,1.2922208
2021-05-10,0.0,32,3,0.0,0.4688203
2021-05-11,0.0,32,3,0.0,0.44552752
2021-05-12,0.0,32,3,0.0,0.38657784
2021-05-13,0.0,32,3,0.0,0.30220714
2021-05-14,0.2,32,3,1.9946396,0.34753639
2021-05-15,0.4,32,3,1.6797023,2.6653
2021-05-16,0.3,32,3,1.394099,1.0695424
2021-05-17,2.1,32,3,2.2840526,0.8780948
2021-05-18,0.5,32,3,2.6847215,1.9035549
2021-05-19,0.4,32,3,1.6918766,0.9492992
2021-05-20,0.1,32,3,1.1308694,0.9528589
2021-05-21,2.3,32,3,1.8891962,0.68684864
2021-05-22,16.9,32,3,4.93299,1.6719911
2021-05-23,8.9,32,3,9.859658,2.039292
2021-05-24,18.4,32,3,13.447167,4.5090375
2021-05-25,14.8,32,3,19.28697,3.2496128
2021-05-26,26.8,32,3,9.254399,3.6414232
2021-05-27,6.6,32,3,8.917746,4.4548235
2021-05-28,1.6,32,3,6.988566,4.7816334
2021-05-29,0.6,32,3,3.7922187,3.512948
2021-05-30,0.2,32,3,1.6634681,1.7135975
2021-05-31,0.0,32,3,0.0,0.8391628
2021-06-01,0.1,32,3,1.0866833,0.44526446
2021-06-02,0.5,32,3,1.7624607,1.2532892
2021-06-03,0.3,32,3,1.3856037,1.235764
2021-06-04,5.7,32,3,1.3636079,0.93898666
2021-06-05,15.0,32,3,2.7538915,1.0029287
2021-06-06,9.9,32,3,3.2345695,1.162986
2021-06-07,2.2,32,3,2.95285,4.2005076
2021-06-08,3.0,32,3,2.7895346,2.5138876
2021-06-09,0.5,32,3,1.7592165,2.451072
2021-06-10,0.1,32,3,0.8595898,0.88233745
2021-06-11,0.7,32,3,1.4620552,0.6136061
2021-06-12,0.3,32,3,0.64312685,2.5388892
2021-06-13,0.1,32,3,0.52210534,0.35463044
2021-06-14,0.0,32,3,0.0,0.52218926
2021-06-15,0.2,32,3,0.6746025,0.31051803
2021-06-16,10.8,32,3,2.0035372,0.8489994
2021-06-17,0.5,32,3,1.5755091,2.4595664
2021-06-18,0.0,32,3,0.009240812,0.8733692
2021-01-01,0.0,33,0,0.0051436676,0.0
2021-01-02,0.0,33,0,0.0041546626,0.0
2021-01-03,0.1,33,0,0.23884326,0.0
2021-01-04,0.0,33,0,0.0,0.2150894
2021-01-05,0.1,33,0,0.1666901,0.01845748
2021-01-06,0.0,33,0,0.0,0.39166993
2021-01-07,0.6,33,0,0.7149724,0.17315869
2021-01-08,0.4,33,0,2.369873,0.42545512
2021-01-09,0.0,33,0,0.0,0.12406347
2021-01-10,0.0,33,0,0.0,0.0602343
2021-01-11,0.0,33,0,0.18288796,0.0653873
2021-01-12,0.0,33,0,0.016774306,0.014047746
2021-01-13,0.0,33,0,0.0065134726,0.0
2021-01-14,0.0,33,0,0.0,0.05393662
2021-01-15,0.0,33,0,0.0,0.014345285
2021-01-16,0.0,33,0,0.0,0.13054262
2021-01-17,2.2,33,0,0.6949427,0.110661566
2021-01-18,0.0,33,0,0.0,0.07067167
2021-01-19,0.0,33,0,0.015944486,0.011798178
2021-01-20,0.0,33,0,0.0,0.078110054
2021-01-21,1.0,33,0,0.76457965,0.34999126
2021-01-22,0.0,33,0,0.0,1.149513
2021-01-23,0.0,33,0,0.0043352507,0.42063987
2021-01-24,0.0,33,0,0.0,0.16936123
2021-01-25,0.0,33,0,0.049656164,0.2588263
2021-01-26,0.9,33,0,0.5976697,0.52129316
2021-01-27,0.0,33,0,0.0,0.5796354
2021-01-28,0.4,33,0,1.3524146,0.2001818
2021-01-29,0.0,33,0,0.0022348831,0.29437542
2021-01-30,0.1,33,0,0.41492996,0.06417687
2021-01-31,0.4,33,0,0.78571665,1.3133857
2021-02-01,0.1,33,0,0.47336793,0.8967869
2021-02-02,0.0,33,0,0.0,0.4731145
2021-02-03,0.0,33,0,0.0,0.18655284
2021-02-04,0.0,33,0,0.0,0.19475728
2021-02-05,0.0,33,0,0.006055883,0.29850855
2021-02-06,0.1,33,0,0.24317174,0.14331369
2021-02-07,0.0,33,0,0.0,0.35170507
2021-02-08,0.8,33,0,0.6521778,0.15199886
2021-02-09,39.5,33,0,2.411013,1.2351322
2021-02-10,0.1,33,0,1.3531704,2.1158552
2021-02-11,0.0,33,0,0.0,0.3858775
2021-02-12,0.0,33,0,0.0041743377,0.1685935
2021-02-13,0.0,33,0,0.0,0.109558634
2021-02-14,0.0,33,0,0.0,0.1090924
2021-02-15,0.0,33,0,0.005550388,0.1236953
2021-02-16,0.0,33,0,0.0,0.12753005
2021-02-17,0.8,33,0,1.3723164,0.37276784
2021-02-18,0.0,33,0,0.0,0.5705986
2021-02-19,0.2,33,0,0.28368813,0.07501426
2021-02-20,0.0,33,0,0.006426616,0.35544902
2021-02-21,0.0,33,0,0.0,0.038763784
2021-02-22,0.0,33,0,0.0,0.09447847
2021-02-23,0.0,33,0,0.0,0.30918244
2021-02-24,0.0,33,0,0.0,0.104531035
2021-02-25,0.3,33,0,1.0106044,0.3143738
2021-02-26,0.0,33,0,0.10964584,1.7952816
2021-02-27,0.4,33,0,1.737644,0.6445701
2021-02-28,1.9,33,0,0.7275629,1.5764086
2021-03-01,0.0,33,0,0.2016766,0.95141554
2021-03-02,0.1,33,0,0.85539746,1.258621
2021-03-03,3.0,33,0,1.2592406,0.4279512
2021-03-04,6.1,33,0,3.6051664,2.645799
2021-03-05,0.2,33,0,4.2590337,1.8427866
2021-03-06,2.2,33,0,1.1969683,1.4980617
2021-03-07,4.9,33,0,1.8078451,1.4873083
2021-03-08,3.7,33,0,2.8844786,0.9767245
2021-03-09,1.6,33,0,3.059659,2.5404074
2021-03-10,1.7,33,0,1.2158282,1.9923265
2021-03-11,2.2,33,0,1.5638621,0.8054004
2021-03-12,1.6,33,0,1.2802048,1.2660296
2021-03-13,0.1,33,0,0.6594727,1.0835862
2021-03-14,0.0,33,0,0.0,0.44592035
2021-03-15,1.0,33,0,0.59907246,0.434546
2021-03-16,0.4,33,0,0.5757539,1.80333
2021-03-17,0.0,33,0,0.04081574,0.77380335
2021-03-18,0.0,33,0,0.07956702,0.4964272
2021-03-19,0.3,33,0,0.7812878,0.82884777
2021-03-20,0.5,33,0,0.83857405,1.8888314
2021-03-21,0.6,33,0,3.5770721,1.3294463
2021-03-22,2.1,33,0,4.9877067,1.257314
2021-03-23,0.0,33,0,0.0,0.37269443
2021-03-24,0.0,33,0,0.0,0.36395085
2021-03-25,0.6,33,0,0.48517013,0.446828
2021-03-26,0.7,33,0,0.87685466,0.9775847
2021-03-27,0.3,33,0,0.8603499,1.2355866
2021-03-28,1.3,33,0,0.81278694,1.0945585
2021-03-29,0.1,33,0,0.95395315,1.1174366
2021-03-30,0.2,33,0,0.43635157,1.2574093
2021-03-31,0.0,33,0,0.0,0.9014901
2021-04-01,0.0,33,0,0.022763494,0.6709883
2021-04-02,0.4,33,0,1.4390974,0.7974802
2021-04-03,7.4,33,0,1.6301944,1.1208613
2021-04-04,5.6,33,0,2.907935,1.4029775
2021-04-05,0.9,33,0,2.9501853,1.3306592
2021-04-06,1.1,33,0,1.1594198,1.434747
2021-04-07,7.4,33,0,1.602474,1.3263726
2021-04-08,18.4,33,0,2.692555,1.7074373
2021-04-09,3.2,33,0,5.0953727,1.3380885
2021-04-10,0.6,33,0,3.6942987,2.5704553
2021-04-11,3.2,33,0,1.4356709,2.143023
2021-04-12,0.8,33,0,1.0203586,1.331769
2021-04-13,0.1,33,0,0.7758665,0.6976557
2021-04-14,0.4,33,0,0.8616611,0.6399889
2021-04-15,1.1,33,0,1.3896596,1.4639235
2021-04-16,0.5,33,0,1.4860032,1.6068177
2021-04-17,25.3,33,0,3.720492,0.83787787
2021-04-18,6.2,33,0,13.839225,1.838891
2021-04-19,24.7,33,0,4.288772,5.195341
2021-04-20,1.1,33,0,5.2311068,1.6226301
2021-04-21,4.4,33,0,2.6223915,2.023051
2021-04-22,1.8,33,0,3.8086057,2.8044508
2021-04-23,1.4,33,0,3.245597,1.8414145
2021-04-24,0.7,33,0,3.75005,2.5004504
2021-04-25,6.2,33,0,3.234459,2.0084524
2021-04-26,16.1,33,0,8.580193,1.6300066
2021-04-27,15.5,33,0,12.099535,3.234528
2021-04-28,11.6,33,0,11.026893,4.517181
2021-04-29,3.2,33,0,2.817375,3.8994994
2021-04-30,0.0,33,0,0.0,0.8120005
2021-05-01,0.4,33,0,1.6374955,0.38165963
2021-05-02,3.7,33,0,3.6331463,2.0336666
2021-05-03,14.9,33,0,3.8049717,2.5015047
2021-05-04,2.8,33,0,8.798983,1.4392226
2021-05-05,31.0,33,0,13.163951,3.3439488
2021-05-06,6.8,33,0,8.3401985,2.9752765
2021-05-07,2.0,33,0,4.062124,2.8906243
2021-05-08,0.0,33,0,0.05607232,2.359103
2021-05-09,0.4,33,0,4.2546587,1.135689
2021-05-10,0.5,33,0,6.633104,3.770289
2021-05-11,0.2,33,0,4.758878,3.0625057
2021-05-12,0.0,33,0,0.22430162,2.1431317
2021-05-13,0.7,33,0,4.228916,1.4908531
2021-05-14,14.6,33,0,4.2310433,3.0696292
2021-05-15,2.0,33,0,7.936468,2.388963
2021-05-16,0.8,33,0,7.9403276,2.3655987
2021-05-17,1.1,33,0,4.983132,3.743977
2021-05-18,14.5,33,0,5.1797037,3.064629
2021-05-19,14.9,33,0,13.536679,4.188218
2021-05-20,0.5,33,0,14.124565,5.5333214
2021-05-21,2.3,33,0,8.553201,6.507688
2021-05-22,0.5,33,0,6.4137344,5.42585
2021-05-23,4.1,33,0,5.1407056,5.0073667
2021-05-24,1.5,33,0,4.637902,3.4167142
2021-05-25,12.2,33,0,6.660553,2.5254846
2021-05-26,1.2,33,0,6.9912004,6.261463
2021-05-27,3.0,33,0,4.108641,5.5037174
2021-05-28,0.4,33,0,3.539164,4.1797094
2021-05-29,1.4,33,0,3.1026678,3.3058753
2021-05-30,3.5,33,0,5.186916,4.0339336
2021-05-31,5.8,33,0,6.543501,3.8832936
2021-06-01,13.9,33,0,13.38244,4.0217614
2021-06-02,3.0,33,0,11.710279,4.660474
2021-06-03,4.7,33,0,8.456614,4.302941
2021-06-04,14.0,33,0,3.9125714,4.152989
2021-06-05,1.4,33,0,4.113811,1.9896011
2021-06-06,0.2,33,0,2.8223028,2.454613
2021-06-07,11.7,33,0,4.892724,3.2311602
2021-06-08,4.4,33,0,5.785529,3.755663
2021-06-09,12.5,33,0,7.028736,2.8477728
2021-06-10,21.3,33,0,8.506602,5.122012
2021-06-11,22.2,33,0,12.56872,6.125433
2021-06-12,13.0,33,0,10.490742,5.5236516
2021-06-13,42.7,33,0,41.476276,7.166354
2021-06-14,22.5,33,0,19.850681,7.74901
2021-06-15,0.2,33,0,3.647255,2.9434543
2021-06-16,4.1,33,0,4.7803135,2.6266503
2021-06-17,2.8,33,0,6.9402876,4.335821
2021-06-18,1.1,33,0,5.3638124,5.941253
2021-01-01,0.0,34,0,0.0051164217,0.0
2021-01-02,0.0,34,0,0.0042717564,0.0
2021-01-03,0.0,34,0,0.0,0.0011004307
2021-01-04,0.0,34,0,0.013916535,0.07895078
2021-01-05,0.0,34,0,0.0,0.0
2021-01-06,0.0,34,0,0.0,0.10369953
2021-01-07,0.0,34,0,0.06599489,0.04997102
2021-01-08,0.1,34,0,0.95166063,0.13100167
2021-01-09,0.0,34,0,0.0060142893,0.0
2021-01-10,0.0,34,0,0.0027269658,0.006426632
2021-01-11,0.0,34,0,0.11012312,0.0
2021-01-12,0.0,34,0,0.055072494,0.0
2021-01-13,0.0,34,0,0.012963461,0.00723379
2021-01-14,0.0,34,0,0.0,0.0
2021-01-15,0.0,34,0,0.0052127745,0.0
2021-01-16,0.0,34,0,0.04827148,0.09286064
2021-01-17,0.6,34,0,0.5849402,0.30470136
2021-01-18,0.0,34,0,0.052184347,0.12865941
2021-01-19,0.0,34,0,0.017943,0.003841728
2021-01-20,0.0,34,0,0.0,0.032959916
2021-01-21,0.0,34,0,0.016477926,0.19964007
2021-01-22,0.0,34,0,0.042997178,0.23704085
2021-01-23,0.0,34,0,0.0,0.19981267
2021-01-24,0.0,34,0,0.010289495,0.07810202
2021-01-25,2.0,34,0,1.4152591,0.14546001
2021-01-26,0.9,34,0,0.91308784,1.0344844
2021-01-27,0.0,34,0,0.0507647,0.5109118
2021-01-28,2.5,34,0,2.0060375,0.7438209
2021-01-29,0.0,34,0,0.017096564,0.48968092
2021-01-30,0.4,34,0,0.7956101,0.13216259
2021-01-31,0.4,34,0,1.3555613,1.2956173
2021-02-01,0.2,34,0,0.8869786,1.0941861
2021-02-02,0.0,34,0,0.0356491,0.84241414
2021-02-03,0.0,34,0,0.040016584,0.32838476
2021-02-04,0.0,34,0,0.03182255,0.31294295
2021-02-05,0.1,34,0,0.46359944,0.30449724
2021-02-06,0.0,34,0,0.012808671,0.5368607
2021-02-07,0.0,34,0,0.0024962807,0.22335908
2021-02-08,0.8,34,0,1.6523831,0.26897258
2021-02-09,43.8,34,0,6.0865273,1.3116095
2021-02-10,0.0,34,0,0.0,1.4317443
2021-02-11,0.0,34,0,0.048175674,0.2592215
2021-02-12,0.0,34,0,0.016951496,0.18779704
2021-02-13,0.0,34,0,0.016610343,0.27141964
2021-02-14,0.0,34,0,0.012397463,0.14429544
2021-02-15,0.0,34,0,0.030570371,0.2174127
2021-02-16,0.3,34,0,1.0693531,0.10033427
2021-02-17,0.5,34,0,2.3982136,1.3302197
2021-02-18,0.0,34,0,0.10530849,0.47728336
2021-02-19,0.0,34,0,0.0,0.17502916
2021-02-20,0.0,34,0,0.0015938168,0.15924235
2021-02-21,0.0,34,0,0.021130983,0.10652033
2021-02-22,0.0,34,0,0.017503567,0.0
2021-02-23,0.1,34,0,0.38643685,0.25711426
2021-02-24,0.0,34,0,0.029488366,0.45967957
2021-02-25,0.0,34,0,0.17620248,0.19194233
2021-02-26,0.4,34,0,1.406332,0.49417716
2021-02-27,2.1,34,0,2.1947515,1.3716424
2021-02-28,0.2,34,0,1.4682031,1.4674463
2021-03-01,2.3,34,0,1.3819413,1.1225405
2021-03-02,2.0,34,0,0.90549445,1.4299517
2021-03-03,0.1,34,0,1.0483928,0.22096637
2021-03-04,0.4,34,0,0.7249495,1.3795471
2021-03-05,0.3,34,0,1.0083549,1.4508727
2021-03-06,0.4,34,0,1.5793636,0.9954829
2021-03-07,1.7,34,0,1.9167151,1.1907032
2021-03-08,0.5,34,0,1.47493,1.8512313
2021-03-09,1.6,34,0,1.6799734,0.5706905
2021-03-10,1.2,34,0,1.4229472,2.136484
2021-03-11,0.8,34,0,0.7609416,1.062099
2021-03-12,0.7,34,0,0.5867182,0.41354483
2021-03-13,0.4,34,0,0.5861689,0.5791383
2021-03-14,0.0,34,0,0.042938504,0.853173
2021-03-15,0.3,34,0,0.5070754,0.21537161
2021-03-16,0.2,34,0,0.82327116,1.2277436
2021-03-17,0.0,34,0,0.13314265,0.82988584
2021-03-18,0.0,34,0,0.058674425,0.41696844
2021-03-19,0.2,34,0,0.6483625,0.3603833
2021-03-20,0.6,34,0,0.8409878,1.0371966
2021-03-21,3.4,34,0,4.196828,0.8786684
2021-03-22,0.0,34,0,0.77914846,1.4839005
2021-03-23,0.0,34,0,0.0,0.19994727
2021-03-24,0.0,34,0,0.08401324,0.1245095
2021-03-25,0.2,34,0,0.7308699,0.42510796
2021-03-26,0.1,34,0,1.0041122,0.8067311
2021-03-27,0.5,34,0,0.89046216,0.7682923
2021-03-28,0.8,34,0,1.2086012,0.70861375
2021-03-29,0.3,34,0,1.2477703,1.1143541
2021-03-30,0.0,34,0,0.09726398,0.8387463
2021-03-31,0.0,34,0,0.1075307,0.5123532
2021-04-01,0.1,34,0,1.1869946,0.37187764
2021-04-02,0.5,34,0,2.633552,1.168669
2021-04-03,3.9,34,0,2.4304724,1.2331004
2021-04-04,2.5,34,0,2.264817,1.2155309
2021-04-05,16.3,34,0,4.574433,0.77799284
2021-04-06,2.9,34,0,4.1377463,2.0470285
2021-04-07,7.3,34,0,1.963047,2.1634204
2021-04-08,14.1,34,0,3.4363146,1.4637108
2021-04-09,17.2,34,0,7.9520245,1.821949
2021-04-10,1.6,34,0,5.979953,1.8134754
2021-04-11,1.2,34,0,2.0555649,3.2499948
2021-04-12,1.0,34,0,1.7893806,1.1360974
2021-04-13,2.1,34,0,1.6640174,0.94742393
2021-04-14,1.0,34,0,1.9086773,1.0949216
2021-04-15,1.7,34,0,1.8287046,0.8959477
2021-04-16,10.3,34,0,9.0084915,0.98352313
2021-04-17,6.1,34,0,5.0494027,1.6068974
2021-04-18,17.0,34,0,8.324013,1.2734141
2021-04-19,6.9,34,0,5.151112,1.875407
2021-04-20,7.1,34,0,5.7205257,1.4800804
2021-04-21,4.9,34,0,6.4113097,1.971827
2021-04-22,1.8,34,0,5.7008505,2.1742632
2021-04-23,1.9,34,0,2.6622138,1.9517
2021-04-24,3.1,34,0,4.0385995,1.7735763
2021-04-25,18.3,34,0,8.312251,1.7154722
2021-04-26,23.4,34,0,15.34144,2.4222038
2021-04-27,25.2,34,0,12.518478,3.6298923
2021-04-28,20.0,34,0,10.47279,3.5281692
2021-04-29,4.5,34,0,3.3902893,4.677178
2021-04-30,0.0,34,0,0.0,0.75364506
2021-05-01,7.6,34,0,2.864391,0.5357784
2021-05-02,5.0,34,0,6.912255,3.2690878
2021-05-03,6.4,34,0,6.8687997,2.7700827
2021-05-04,1.3,34,0,9.105664,2.8699226
2021-05-05,18.9,34,0,11.253743,2.9461474
2021-05-06,58.0,34,0,13.764832,3.2457528
2021-05-07,1.9,34,0,8.395622,5.0808306
2021-05-08,16.8,34,0,6.8098264,4.4408517
2021-05-09,1.4,34,0,6.981828,7.2959623
2021-05-10,4.2,34,0,5.8688927,4.139919
2021-05-11,0.1,34,0,4.5203495,8.075562
2021-05-12,1.0,34,0,3.6561465,3.0733194
2021-05-13,7.9,34,0,6.1173034,3.7935886
2021-05-14,2.2,34,0,5.3213544,4.297316
2021-05-15,2.2,34,0,7.266721,2.640843
2021-05-16,4.6,34,0,7.6137943,5.5878606
2021-05-17,13.5,34,0,18.030315,4.2111936
2021-05-18,0.9,34,0,7.24514,5.1953573
2021-05-19,2.0,34,0,4.6149726,3.7111354
2021-05-20,2.5,34,0,8.281061,6.011819
2021-05-21,6.4,34,0,8.838824,5.934912
2021-05-22,1.7,34,0,10.295745,5.537604
2021-05-23,2.1,34,0,8.270379,6.312777
2021-05-24,11.0,34,0,10.055706,4.8758774
2021-05-25,11.4,34,0,15.035126,4.1813793
2021-05-26,0.5,34,0,7.527563,5.357742
2021-05-27,4.4,34,0,4.885455,4.204241
2021-05-28,0.1,34,0,2.5270915,4.1665277
2021-05-29,0.3,34,0,2.5074904,2.81695
2021-05-30,4.4,34,0,7.1997566,5.578467
2021-05-31,6.5,34,0,3.3779888,5.0680656
2021-06-01,0.6,34,0,3.0381937,3.565885
2021-06-02,2.8,34,0,11.770304,3.2527385
2021-06-03,2.2,34,0,7.000431,5.4686522
2021-06-04,11.5,34,0,5.152804,4.1230397
2021-06-05,1.4,34,0,5.525047,1.6232257
2021-06-06,1.4,34,0,3.0861435,2.674993
2021-06-07,51.4,34,0,10.763812,3.577372
2021-06-08,19.6,34,0,11.41415,6.3929415
2021-06-09,83.0,34,0,21.471064,4.6955
2021-06-10,23.5,34,0,39.092854,12.569046
2021-06-11,45.2,34,0,18.878582,15.178467
2021-06-12,18.3,34,0,9.762507,9.905377
2021-06-13,28.2,34,0,18.434046,7.8332567
2021-06-14,7.3,34,0,14.311397,13.79108
2021-06-15,0.3,34,0,4.4334135,6.2144747
2021-06-16,0.0,34,0,0.17679343,3.270317
2021-06-17,0.0,34,0,0.04655769,0.9206331
2021-06-18,0.0,34,0,0.048264638,0.8091223
2021-01-01,0.1,35,3,0.59312034,1.0624301
2021-01-02,0.0,35,3,0.0,0.8543954
2021-01-03,0.3,35,3,1.2030609,0.2749957
2021-01-04,2.2,35,3,0.70508194,1.6842012
2021-01-05,0.7,35,3,1.5685263,0.47843185
2021-01-06,3.9,35,3,3.4417224,2.4995768
2021-01-07,9.1,35,3,6.8838997,2.6242332
2021-01-08,11.4,35,3,6.988686,3.336885
2021-01-09,0.4,35,3,1.4127097,1.3366716
2021-01-10,3.1,35,3,0.98526394,0.49285388
2021-01-11,3.3,35,3,0.97038496,1.8646371
2021-01-12,0.0,35,3,0.07931544,0.36621752
2021-01-13,0.0,35,3,0.0038543409,0.21545884
2021-01-14,0.0,35,3,0.0,0.17322695
2021-01-15,0.0,35,3,0.0,0.29253483
2021-01-16,1.0,35,3,1.1043482,0.45421326
2021-01-17,10.1,35,3,6.6110334,0.78182244
2021-01-18,0.1,35,3,0.6877166,2.0516884
2021-01-19,0.0,35,3,0.0,0.19589995
2021-01-20,0.0,35,3,0.0,0.25149596
2021-01-21,0.1,35,3,0.6568353,0.43226436
2021-01-22,1.0,35,3,0.6852964,1.1008673
2021-01-23,0.0,35,3,0.0,0.89570343
2021-01-24,0.0,35,3,0.0,0.31468135
2021-01-25,0.1,35,3,1.5474772,0.41680148
2021-01-26,1.2,35,3,0.53449,1.9998274
2021-01-27,0.0,35,3,0.0,0.5385915
2021-01-28,2.6,35,3,3.2132683,0.76438475
2021-01-29,0.1,35,3,1.0254116,2.620627
2021-01-30,0.2,35,3,2.5402665,0.5745679
2021-01-31,0.9,35,3,2.0667343,3.1546445
2021-02-01,0.1,35,3,0.93483186,2.4717612
2021-02-02,1.0,35,3,0.6561867,0.8099266
2021-02-03,0.9,35,3,1.814481,0.82918286
2021-02-04,1.6,35,3,1.4111309,2.252797
2021-02-05,1.1,35,3,0.84331024,1.2138667
2021-02-06,0.8,35,3,0.7951231,1.2016902
2021-02-07,0.0,35,3,0.0,1.0288067
2021-02-08,4.3,35,3,2.4125605,0.87058055
2021-02-09,10.5,35,3,7.730942,2.6669903
2021-02-10,0.0,35,3,0.0,3.7927957
2021-02-11,0.0,35,3,0.0,0.35703105
2021-02-12,0.0,35,3,0.0,0.20265673
2021-02-13,0.0,35,3,0.0,0.24150786
2021-02-14,0.0,35,3,0.0,0.1711426
2021-02-15,0.0,35,3,0.0,0.26496083
2021-02-16,0.0,35,3,0.0,0.25049627
2021-02-17,2.0,35,3,2.5368264,0.3992962
2021-02-18,1.0,35,3,2.7726736,1.219583
2021-02-19,0.9,35,3,1.204983,1.1270294
2021-02-20,0.0,35,3,0.0,0.9062443
2021-02-21,0.0,35,3,0.0,0.068745434
2021-02-22,0.0,35,3,0.0,0.17200534
2021-02-23,0.0,35,3,0.0,0.21508898
2021-02-24,0.0,35,3,0.0,0.31632414
2021-02-25,0.0,35,3,0.0,0.15930434
2021-02-26,0.0,35,3,0.0,0.24216543
2021-02-27,1.3,35,3,2.1163933,0.3269918
2021-02-28,0.6,35,3,1.7159853,1.954252
2021-03-01,0.1,35,3,1.2872069,1.9658384
2021-03-02,5.9,35,3,6.154772,1.2524295
2021-03-03,0.0,35,3,0.0,3.3727832
2021-03-04,1.9,35,3,0.9753324,0.42653683
2021-03-05,13.7,35,3,1.090955,1.4081693
2021-03-06,5.7,35,3,4.160156,0.80645514
2021-03-07,9.0,35,3,2.8616612,1.3074903
2021-03-08,0.1,35,3,4.2533,1.8998313
2021-03-09,0.2,35,3,0.960984,1.1768868
2021-03-10,1.4,35,3,1.0425158,1.0527477
2021-03-11,1.0,35,3,1.3576059,0.85305333
2021-03-12,0.9,35,3,1.2576482,0.8456998
2021-03-13,0.8,35,3,0.8174666,0.7771492
2021-03-14,0.1,35,3,0.31354472,0.598735
2021-03-15,0.0,35,3,0.0,0.44213882
2021-03-16,0.0,35,3,0.0,0.5862957
2021-03-17,0.0,35,3,0.0,0.42345643
2021-03-18,0.0,35,3,0.0,0.28651536
2021-03-19,0.0,35,3,0.0,0.30687225
2021-03-20,0.1,35,3,0.5950314,0.23432323
2021-03-21,1.0,35,3,4.735451,1.4126587
2021-03-22,5.4,35,3,10.913993,2.8317077
2021-03-23,0.8,35,3,1.2739508,0.9480816
2021-03-24,0.7,35,3,0.90838814,0.3784316
2021-03-25,0.2,35,3,0.9123604,1.1702783
2021-03-26,1.0,35,3,1.1478734,0.8672987
2021-03-27,0.0,35,3,0.0,1.1106083
2021-03-28,1.4,35,3,0.74196887,0.32306615
2021-03-29,0.0,35,3,0.0,1.1795733
2021-03-30,0.9,35,3,0.4303173,0.451043
2021-03-31,0.0,35,3,0.034654647,0.800189
2021-04-01,0.0,35,3,0.008607603,0.37755108
2021-04-02,3.1,35,3,1.6426537,0.5024035
2021-04-03,7.6,35,3,4.673224,2.2708874
2021-04-04,5.5,35,3,5.089939,1.8574502
2021-04-05,0.2,35,3,2.9094126,1.7804296
2021-04-06,1.1,35,3,1.3026853,0.73536086
2021-04-07,4.9,35,3,1.1500823,1.1090138
2021-04-08,1.0,35,3,2.5742934,1.543771
2021-04-09,14.0,35,3,6.481434,1.1464629
2021-04-10,1.3,35,3,3.716886,2.8151767
2021-04-11,0.2,35,3,1.5314078,0.9293678
2021-04-12,0.8,35,3,0.7075702,0.80583835
2021-04-13,4.6,35,3,1.1705933,0.7322191
2021-04-14,4.8,35,3,2.807804,1.5272522
2021-04-15,8.9,35,3,3.0453267,1.3951182
2021-04-16,4.2,35,3,3.4590297,1.5442228
2021-04-17,11.2,35,3,6.726296,2.4444149
2021-04-18,0.9,35,3,3.7787075,1.5698404
2021-04-19,11.7,35,3,1.267746,1.2024395
2021-04-20,4.0,35,3,4.896875,1.6382296
2021-04-21,3.0,35,3,4.8452215,1.7968214
2021-04-22,1.3,35,3,4.1054807,2.261582
2021-04-23,1.7,35,3,2.4869082,2.0155237
2021-04-24,0.1,35,3,2.0976734,2.52742
2021-04-25,0.7,35,3,2.5951576,1.3124211
2021-04-26,4.2,35,3,3.6152682,2.2370706
2021-04-27,8.3,35,3,7.1258535,2.4168062
2021-04-28,6.2,35,3,6.7527347,2.7726812
2021-04-29,24.6,35,3,5.0972557,2.1447573
2021-04-30,0.6,35,3,3.6046119,2.5225573
2021-05-01,1.8,35,3,1.5304427,1.1380501
2021-05-02,7.3,35,3,4.275173,1.6429477
2021-05-03,0.1,35,3,3.8653197,2.2231488
2021-05-04,0.3,35,3,2.4036763,1.2659864
2021-05-05,9.0,35,3,5.1855855,1.9241979
2021-05-06,3.4,35,3,5.5024223,2.1992726
2021-05-07,0.5,35,3,4.3262796,1.9008918
2021-05-08,0.2,35,3,2.1836898,1.4384377
2021-05-09,1.3,35,3,3.042327,1.2599027
2021-05-10,0.0,35,3,0.0,2.3767476
2021-05-11,0.0,35,3,0.0,0.6419258
2021-05-12,0.0,35,3,0.0038995652,0.61309445
2021-05-13,0.0,35,3,0.07764603,0.5900948
2021-05-14,0.0,35,3,0.14290571,0.5422697
2021-05-15,0.0,35,3,0.00017205093,0.4583883
2021-05-16,0.0,35,3,0.12773585,0.3910812
2021-05-17,3.3,35,3,2.5644042,0.35034835
2021-05-18,4.0,35,3,5.5563016,2.7095385
2021-05-19,1.5,35,3,5.2572846,2.5472922
2021-05-20,0.0,35,3,0.0,1.0437713
2021-05-21,0.2,35,3,1.309561,0.40502015
2021-05-22,0.0,35,3,0.101308204,1.9236379
2021-05-23,0.2,35,3,1.7936647,0.52266395
2021-05-24,2.2,35,3,2.9260266,1.2081025
2021-05-25,21.7,35,3,9.275572,1.8131564
2021-05-26,0.1,35,3,8.646902,4.1839714
2021-05-27,4.9,35,3,3.5701642,2.3029022
2021-05-28,6.1,35,3,6.9903717,4.0916424
2021-05-29,0.0,35,3,0.0,2.9483535
2021-05-30,0.0,35,3,0.0,0.5063757
2021-05-31,0.0,35,3,0.0,0.428998
2021-06-01,0.0,35,3,0.0,0.47388783
2021-06-02,0.0,35,3,0.0,0.35269526
2021-06-03,0.0,35,3,0.0,0.35881957
2021-06-04,6.1,35,3,1.4230351,0.28611887
2021-06-05,12.0,35,3,8.000017,2.368869
2021-06-06,2.7,35,3,5.782122,4.3587027
2021-06-07,3.4,35,3,3.733626,2.1815436
2021-06-08,9.7,35,3,8.505119,1.276473
2021-06-09,10.2,35,3,7.913906,6.583955
2021-06-10,1.4,35,3,2.5756068,2.9081507
2021-06-11,5.0,35,3,3.443376,0.95084
2021-06-12,9.7,35,3,8.12255,6.3156776
2021-06-13,234.4,35,3,75.39673,5.5726404
2021-06-14,0.0,35,3,0.0,6.030124
2021-06-15,0.0,35,3,0.0,1.271375
2021-06-16,0.0,35,3,0.0,0.13758612
2021-06-17,0.0,35,3,0.0,0.23700944
2021-06-18,0.0,35,3,0.0,0.2081862
2021-01-01,0.0,36,1,0.0,0.23362376
2021-01-02,0.0,36,1,0.0,0.2206449
2021-01-03,0.7,36,1,0.89270973,0.30240214
2021-01-04,0.4,36,1,1.2207282,0.91555977
2021-01-05,3.7,36,1,4.128464,1.0737693
2021-01-06,0.0,36,1,0.0,2.0782108
2021-01-07,0.1,36,1,1.2529128,0.50545
2021-01-08,0.1,36,1,0.7750144,1.1504545
2021-01-09,0.0,36,1,0.0,0.7500254
2021-01-10,0.0,36,1,0.0,0.33200812
2021-01-11,0.0,36,1,0.0024626816,0.24506538
2021-01-12,0.0,36,1,0.0,0.33447185
2021-01-13,0.0,36,1,0.0,0.15657878
2021-01-14,0.0,36,1,0.0,0.21415694
2021-01-15,0.0,36,1,0.0,0.25553882
2021-01-16,0.0,36,1,0.004822229,0.1945527
2021-01-17,0.0,36,1,0.008354847,0.24935274
2021-01-18,0.0,36,1,0.0,0.22313221
2021-01-19,0.0,36,1,0.01576575,0.0261456
2021-01-20,0.0,36,1,0.00074254227,0.13924251
2021-01-21,0.0,36,1,0.010004649,0.13882634
2021-01-22,2.5,36,1,1.4411159,0.2325375
2021-01-23,2.0,36,1,1.9580069,2.4044673
2021-01-24,3.3,36,1,1.5316596,1.2889171
2021-01-25,2.8,36,1,2.1725855,0.7722902
2021-01-26,0.1,36,1,0.9456289,0.7714857
2021-01-27,0.0,36,1,0.0,0.46382344
2021-01-28,0.2,36,1,0.77602327,0.3330838
2021-01-29,0.0,36,1,0.0,0.60004675
2021-01-30,0.0,36,1,0.029067604,0.13585183
2021-01-31,0.0,36,1,0.009479098,0.19375758
2021-02-01,0.0,36,1,0.0,0.08898768
2021-02-02,0.0,36,1,0.0,0.15426488
2021-02-03,0.0,36,1,0.0059992024,0.087586746
2021-02-04,0.0,36,1,0.015738795,0.1274898
2021-02-05,0.0,36,1,0.0,0.03874769
2021-02-06,0.0,36,1,0.024812423,0.14400893
2021-02-07,0.1,36,1,0.7471658,0.10682857
2021-02-08,0.0,36,1,0.0,0.61743355
2021-02-09,0.0,36,1,0.0,0.20303838
2021-02-10,0.0,36,1,0.19678329,0.16125321
2021-02-11,3.7,36,1,1.7116308,0.36727932
2021-02-12,0.5,36,1,1.651936,1.5879502
2021-02-13,0.0,36,1,0.004881759,0.340918
2021-02-14,0.5,36,1,0.45819864,0.16279171
2021-02-15,0.1,36,1,0.4497756,0.21518835
2021-02-16,0.0,36,1,0.0,0.19705155
2021-02-17,0.0,36,1,0.021632511,0.049875766
2021-02-18,0.0,36,1,0.0,0.100763276
2021-02-19,0.0,36,1,0.0022567534,0.0
2021-02-20,0.0,36,1,0.0,0.03110392
2021-02-21,0.0,36,1,0.0,0.0
2021-02-22,0.0,36,1,0.0,0.057124753
2021-02-23,0.0,36,1,0.0,0.03452138
2021-02-24,0.0,36,1,0.0,0.10828176
2021-02-25,0.0,36,1,0.04080343,0.06891235
2021-02-26,0.1,36,1,0.80172765,0.10992329
2021-02-27,0.0,36,1,0.0,1.3835502
2021-02-28,0.0,36,1,0.0,0.27516466
2021-03-01,0.0,36,1,0.0,0.14493157
2021-03-02,0.0,36,1,0.0017362126,0.057733465
2021-03-03,0.0,36,1,0.0,0.11507072
2021-03-04,0.0,36,1,0.0,0.0
2021-03-05,0.0,36,1,0.0,0.0
2021-03-06,0.0,36,1,0.0,0.0
2021-03-07,0.0,36,1,0.0,0.023395363
2021-03-08,0.0,36,1,0.0,0.07400773
2021-03-09,0.0,36,1,0.0,0.0
2021-03-10,0.0,36,1,0.0,0.0
2021-03-11,0.0,36,1,0.0,0.0
2021-03-12,0.0,36,1,0.0,0.0
2021-03-13,0.0,36,1,0.0,0.0
2021-03-14,0.0,36,1,0.0,0.0
2021-03-15,0.0,36,1,0.0,0.03276476
2021-03-16,0.0,36,1,0.0,0.030136645
2021-03-17,0.0,36,1,0.0,0.066849746
2021-03-18,0.0,36,1,0.0,0.04180666
2021-03-19,0.0,36,1,0.0,0.075227216
2021-03-20,0.1,36,1,0.69770575,0.07947401
2021-03-21,1.1,36,1,0.8127444,0.4268712
2021-03-22,0.0,36,1,0.049986385,0.4000831
2021-03-23,0.1,36,1,0.39165407,0.043947212
2021-03-24,1.3,36,1,0.4884082,0.022445071
2021-03-25,0.0,36,1,0.0,0.071632415
2021-03-26,0.0,36,1,0.0,0.0
2021-03-27,0.0,36,1,0.0,0.012825621
2021-03-28,1.1,36,1,0.71682835,0.038906325
2021-03-29,0.0,36,1,0.0,0.5054685
2021-03-30,0.0,36,1,0.0013751005,0.09498443
2021-03-31,0.0,36,1,0.0,0.15543306
2021-04-01,0.0,36,1,0.022648463,0.042609375
2021-04-02,0.8,36,1,0.90364456,0.07573575
2021-04-03,2.8,36,1,1.9996672,0.674188
2021-04-04,0.4,36,1,1.6172204,1.0829825
2021-04-05,5.2,36,1,1.0889986,0.30339703
2021-04-06,0.0,36,1,0.0,0.5151626
2021-04-07,1.6,36,1,1.3316944,0.04228553
2021-04-08,2.1,36,1,1.7247214,1.6408453
2021-04-09,2.9,36,1,4.470842,0.6489037
2021-04-10,5.8,36,1,2.2764645,2.5530887
2021-04-11,0.1,36,1,1.5281353,0.466094
2021-04-12,2.8,36,1,1.202462,0.38755447
2021-04-13,0.8,36,1,1.9555933,0.59119654
2021-04-14,4.3,36,1,3.0300727,0.74993956
2021-04-15,0.2,36,1,2.6056595,1.9637334
2021-04-16,9.1,36,1,2.1630988,0.397141
2021-04-17,4.0,36,1,4.9562807,2.0447104
2021-04-18,6.8,36,1,2.3709354,2.1910791
2021-04-19,4.1,36,1,2.6640813,1.2845194
2021-04-20,0.7,36,1,2.4922523,1.1029716
2021-04-21,0.6,36,1,2.4333837,1.6869915
2021-04-22,0.4,36,1,2.1629827,1.6045864
2021-04-23,5.3,36,1,2.2701626,1.4474633
2021-04-24,0.1,36,1,3.160234,2.012809
2021-04-25,0.1,36,1,1.3715899,1.4657993
2021-04-26,0.7,36,1,1.523072,0.9673976
2021-04-27,7.7,36,1,2.286327,1.5457778
2021-04-28,3.5,36,1,4.0431304,2.45799
2021-04-29,4.9,36,1,3.1431603,1.9296288
2021-04-30,2.5,36,1,2.0786934,1.6438084
2021-05-01,10.2,36,1,3.3715448,1.1683722
2021-05-02,9.6,36,1,3.3782325,2.8677347
2021-05-03,0.3,36,1,1.3533685,2.2460268
2021-05-04,0.8,36,1,1.6303079,1.0405486
2021-05-05,0.3,36,1,1.581655,2.8990457
2021-05-06,4.3,36,1,2.8424597,1.0345237
2021-05-07,9.5,36,1,4.3627214,1.405869
2021-05-08,2.7,36,1,4.4641337,2.4150076
2021-05-09,3.3,36,1,4.6412973,2.9367442
2021-05-10,0.7,36,1,2.4678836,3.088491
2021-05-11,0.1,36,1,2.4589934,1.9051809
2021-05-12,0.3,36,1,1.9811511,1.9701355
2021-05-13,0.2,36,1,2.1021247,2.008262
2021-05-14,0.4,36,1,3.085616,1.6497612
2021-05-15,1.0,36,1,2.398868,2.53187
2021-05-16,7.8,36,1,3.9616823,1.8981981
2021-05-17,6.9,36,1,8.150904,2.1857305
2021-05-18,4.1,36,1,5.850425,2.8933449
2021-05-19,7.8,36,1,4.4618587,3.1753893
2021-05-20,32.0,36,1,6.047767,2.502672
2021-05-21,9.8,36,1,8.932507,3.4252286
2021-05-22,12.7,36,1,7.882745,4.6128516
2021-05-23,22.8,36,1,9.130984,3.4599724
2021-05-24,9.0,36,1,13.9284315,4.95365
2021-05-25,5.2,36,1,7.703003,6.686668
2021-05-26,14.5,36,1,13.336044,3.7386646
2021-05-27,5.6,36,1,13.708114,5.3631597
2021-05-28,2.5,36,1,5.6989055,3.714933
2021-05-29,0.6,36,1,5.4841666,2.928061
2021-05-30,0.9,36,1,4.5911617,4.035559
2021-05-31,0.4,36,1,3.282133,3.0028677
2021-06-01,0.0,36,1,0.14834726,2.8455992
2021-06-02,5.7,36,1,3.5055256,1.3800097
2021-06-03,0.7,36,1,5.961943,2.895126
2021-06-04,0.0,36,1,0.21074738,3.2681966
2021-06-05,0.2,36,1,2.6259725,1.3471215
2021-06-06,8.8,36,1,3.7120342,2.0187585
2021-06-07,7.1,36,1,7.311945,2.4518962
2021-06-08,3.0,36,1,12.323029,2.5521142
2021-06-09,1.2,36,1,4.4337754,3.1232128
2021-06-10,11.3,36,1,3.121296,2.5338573
2021-06-11,0.8,36,1,7.8061666,2.7839136
2021-06-12,9.5,36,1,9.732297,4.0969663
2021-06-13,6.2,36,1,6.0444427,3.0787935
2021-06-14,0.4,36,1,3.626925,2.9055393
2021-06-15,0.1,36,1,2.02227,2.1494708
2021-06-16,1.3,36,1,3.6384182,2.4010992
2021-06-17,4.4,36,1,4.323428,2.9636168
2021-06-18,0.3,36,1,4.2717986,3.35255
2021-01-01,0.0,37,1,0.0,0.54635763
2021-01-02,0.1,37,1,0.4672589,0.3425043
2021-01-03,0.1,37,1,1.4287903,0.62052834
2021-01-04,0.6,37,1,1.2854867,0.9754789
2021-01-05,2.6,37,1,7.158043,0.7074549
2021-01-06,0.1,37,1,2.0927174,1.5272012
2021-01-07,0.0,37,1,0.0033722643,1.0704992
2021-01-08,0.0,37,1,0.0074184113,0.29836136
2021-01-09,0.0,37,1,0.0,0.30526596
2021-01-10,0.0,37,1,0.0,0.16270323
2021-01-11,0.0,37,1,0.0,0.20618287
2021-01-12,0.0,37,1,0.0,0.15794116
2021-01-13,0.0,37,1,0.0,0.1392538
2021-01-14,0.0,37,1,0.0,0.07912501
2021-01-15,0.0,37,1,0.0049112574,0.08936746
2021-01-16,0.0,37,1,0.0,0.08391348
2021-01-17,0.0,37,1,0.0,0.084676296
2021-01-18,0.0,37,1,0.0,0.07331625
2021-01-19,0.0,37,1,0.0,0.023033092
2021-01-20,0.0,37,1,0.0,0.121130645
2021-01-21,0.0,37,1,0.010256332,0.15034969
2021-01-22,0.5,37,1,1.6620333,0.21688172
2021-01-23,12.6,37,1,4.041113,0.99433064
2021-01-24,0.7,37,1,2.9091237,1.773102
2021-01-25,0.0,37,1,0.0,0.64293456
2021-01-26,0.0,37,1,0.0,0.23129581
2021-01-27,0.0,37,1,0.0,0.11470345
2021-01-28,0.0,37,1,0.0,0.09586372
2021-01-29,0.0,37,1,0.0,0.14910033
2021-01-30,0.0,37,1,0.0,0.0
2021-01-31,0.0,37,1,0.0,0.006487821
2021-02-01,0.0,37,1,0.0,0.04411747
2021-02-02,0.0,37,1,0.0,0.049231913
2021-02-03,0.0,37,1,0.0,0.0
2021-02-04,0.0,37,1,0.0072452556,0.0
2021-02-05,0.0,37,1,0.0,0.0
2021-02-06,0.0,37,1,0.0,0.04219111
2021-02-07,0.0,37,1,0.036516592,0.022363413
2021-02-08,0.2,37,1,0.6620599,0.08513012
2021-02-09,0.0,37,1,0.0,0.3433588
2021-02-10,0.0,37,1,0.26193565,0.03933096
2021-02-11,0.0,37,1,0.25122845,0.17935364
2021-02-12,0.0,37,1,0.0,0.07117128
2021-02-13,0.0,37,1,0.0,0.0039215493
2021-02-14,0.0,37,1,0.0,0.0
2021-02-15,0.0,37,1,0.0,0.0
2021-02-16,0.0,37,1,0.007637714,0.018224765
2021-02-17,0.0,37,1,0.030137973,0.0
2021-02-18,0.0,37,1,0.0004650738,0.0
2021-02-19,0.0,37,1,0.0029643483,0.0
2021-02-20,0.0,37,1,0.025370553,0.0
2021-02-21,0.0,37,1,0.010763102,0.0049853213
2021-02-22,0.0,37,1,0.0063225045,0.018891854
2021-02-23,0.0,37,1,0.013697947,0.021007475
2021-02-24,0.0,37,1,0.0,0.08484583
2021-02-25,0.0,37,1,0.008318702,0.040773015
2021-02-26,0.0,37,1,0.07565361,0.073367305
2021-02-27,0.0,37,1,0.042634487,0.11076346
2021-02-28,0.0,37,1,0.02149741,0.05500786
2021-03-01,0.0,37,1,0.0,0.055689234
2021-03-02,0.0,37,1,0.007487648,0.06878467
2021-03-03,0.0,37,1,0.018070724,0.038927875
2021-03-04,0.0,37,1,0.01806102,0.016558222
2021-03-05,0.0,37,1,0.0024655878,0.008157204
2021-03-06,0.0,37,1,0.00475373,0.011750778
2021-03-07,0.0,37,1,0.0,0.009817437
2021-03-08,0.0,37,1,0.029505257,0.03260903
2021-03-09,0.0,37,1,0.020966487,0.0029387663
2021-03-10,0.0,37,1,0.016258294,0.02058814
2021-03-11,0.0,37,1,0.018141588,0.0062128594
2021-03-12,0.0,37,1,0.01924051,0.02272886
2021-03-13,0.0,37,1,0.0073908004,0.015039236
2021-03-14,0.0,37,1,0.043143313,0.014305746
2021-03-15,0.0,37,1,0.001085407,0.020718204
2021-03-16,0.0,37,1,0.063441634,0.0194991
2021-03-17,0.0,37,1,0.0,0.05015966
2021-03-18,0.0,37,1,0.0,0.040278345
2021-03-19,0.0,37,1,0.0,0.054689843
2021-03-20,0.3,37,1,1.5010118,0.05381501
2021-03-21,0.2,37,1,2.0144274,0.41656253
2021-03-22,0.0,37,1,0.015092351,0.29027203
2021-03-23,0.1,37,1,0.41511637,0.0
2021-03-24,0.3,37,1,0.7046293,0.04829225
2021-03-25,0.0,37,1,0.059314884,0.34487763
2021-03-26,0.1,37,1,0.77831054,0.0
2021-03-27,0.0,37,1,0.026963897,0.004217314
2021-03-28,0.0,37,1,0.04089919,0.0009142768
2021-03-29,0.1,37,1,0.7714915,0.050136752
2021-03-30,0.2,37,1,0.7200122,0.027019503
2021-03-31,0.0,37,1,0.0,0.16661887
2021-04-01,0.0,37,1,0.0,0.051388603
2021-04-02,0.0,37,1,0.0,0.08856384
2021-04-03,1.4,37,1,1.5742514,0.1101706
2021-04-04,0.1,37,1,2.7484038,0.30550095
2021-04-05,0.0,37,1,0.060870532,0.2608393
2021-04-06,0.0,37,1,0.009878843,0.1056624
2021-04-07,0.0,37,1,0.019822016,0.047266908
2021-04-08,3.6,37,1,2.4063456,0.08563363
2021-04-09,3.5,37,1,5.6170545,0.41168568
2021-04-10,0.3,37,1,4.066597,0.3347869
2021-04-11,0.0,37,1,0.10116447,0.26973563
2021-04-12,0.0,37,1,0.03738284,0.079149514
2021-04-13,0.2,37,1,1.8528323,0.08087441
2021-04-14,7.5,37,1,1.8763144,0.38596365
2021-04-15,7.2,37,1,5.5210805,0.49270332
2021-04-16,3.9,37,1,4.412257,0.55067086
2021-04-17,0.1,37,1,2.3521283,0.7578765
2021-04-18,0.0,37,1,0.0,0.38791388
2021-04-19,5.3,37,1,1.7334986,0.30777207
2021-04-20,20.8,37,1,6.4235635,1.762713
2021-04-21,12.9,37,1,6.1217933,1.5331926
2021-04-22,24.6,37,1,9.389313,3.22024
2021-04-23,12.8,37,1,5.128679,2.5114293
2021-04-24,1.5,37,1,6.797593,4.692469
2021-04-25,3.5,37,1,3.5597858,3.5474935
2021-04-26,2.6,37,1,4.9356937,2.3151224
2021-04-27,2.3,37,1,4.7562666,2.4870105
2021-04-28,2.6,37,1,4.0933475,2.1682734
2021-04-29,9.5,37,1,4.0103703,1.5536919
2021-04-30,0.3,37,1,2.6529644,2.0692954
2021-05-01,3.4,37,1,3.579998,0.90228665
2021-05-02,0.1,37,1,5.3375373,3.2546277
2021-05-03,1.6,37,1,4.253598,1.5036697
2021-05-04,0.1,37,1,4.222111,2.4958737
2021-05-05,0.1,37,1,2.3252687,1.7357495
2021-05-06,0.5,37,1,4.3905263,1.9757812
2021-05-07,2.8,37,1,4.077358,3.677929
2021-05-08,1.2,37,1,7.487447,1.7346468
2021-05-09,3.9,37,1,4.005278,2.9005525
2021-05-10,0.8,37,1,4.140538,1.5880904
2021-05-11,0.4,37,1,3.5112867,1.4011178
2021-05-12,0.3,37,1,2.122759,2.1906805
2021-05-13,6.8,37,1,2.904437,1.5734978
2021-05-14,12.3,37,1,7.318513,2.471095
2021-05-15,0.9,37,1,7.787668,2.68308
2021-05-16,0.9,37,1,4.1577196,3.2212167
2021-05-17,26.3,37,1,4.5592804,3.287825
2021-05-18,2.6,37,1,9.010253,3.0713983
2021-05-19,6.0,37,1,3.1764693,3.8580074
2021-05-20,6.3,37,1,6.690299,3.798933
2021-05-21,9.2,37,1,13.937909,3.8063664
2021-05-22,12.1,37,1,6.9710684,5.376857
2021-05-23,5.8,37,1,12.0314,5.2647595
2021-05-24,36.7,37,1,12.380979,6.1687355
2021-05-25,13.1,37,1,16.608604,8.62197
2021-05-26,9.4,37,1,18.902601,4.7056274
2021-05-27,12.1,37,1,15.430431,13.239145
2021-05-28,11.7,37,1,8.449961,6.099554
2021-05-29,1.5,37,1,6.0396566,3.7159805
2021-05-30,11.8,37,1,7.04473,5.531213
2021-05-31,7.6,37,1,12.422494,4.6203084
2021-06-01,6.4,37,1,8.261616,5.390938
2021-06-02,5.5,37,1,12.004137,5.303658
2021-06-03,12.5,37,1,10.051147,4.7918906
2021-06-04,5.3,37,1,14.5868225,4.0879097
2021-06-05,5.8,37,1,8.515732,5.609309
2021-06-06,17.9,37,1,12.119044,4.449036
2021-06-07,23.0,37,1,9.807672,4.8063416
2021-06-08,10.7,37,1,14.371873,4.625003
2021-06-09,6.7,37,1,10.685656,6.420852
2021-06-10,14.7,37,1,11.952315,5.831297
2021-06-11,3.4,37,1,9.792975,9.271721
2021-06-12,10.0,37,1,10.147269,6.6691623
2021-06-13,11.0,37,1,5.364957,7.096716
2021-06-14,7.2,37,1,8.31256,2.74129
2021-06-15,3.8,37,1,6.5390205,4.1834846
2021-06-16,6.0,37,1,7.4142275,5.0553308
2021-06-17,15.1,37,1,6.2948184,4.8149157
2021-06-18,5.9,37,1,9.5944605,4.53154
2021-01-01,0.0,38,0,0.0011269044,0.0
2021-01-02,0.0,38,0,0.0043053436,0.0
2021-01-03,0.0,38,0,0.0,0.002938886
2021-01-04,0.0,38,0,0.005571731,0.08334116
2021-01-05,0.0,38,0,0.0,0.005744564
2021-01-06,0.0,38,0,0.0,0.11216043
2021-01-07,0.0,38,0,0.055950146,0.05753767
2021-01-08,0.1,38,0,0.9308965,0.13838752
2021-01-09,0.0,38,0,0.0,0.0
2021-01-10,0.0,38,0,0.0,0.00891319
2021-01-11,0.0,38,0,0.08621386,0.0
2021-01-12,0.0,38,0,0.03216,0.0
2021-01-13,0.0,38,0,0.008688325,0.007910621
2021-01-14,0.0,38,0,0.0,0.0
2021-01-15,0.0,38,0,0.004569206,0.0
2021-01-16,0.0,38,0,0.055192422,0.09830655
2021-01-17,0.6,38,0,0.60226583,0.3191569
2021-01-18,0.0,38,0,0.05213951,0.14281477
2021-01-19,0.0,38,0,0.018262533,0.00852587
2021-01-20,0.0,38,0,0.0,0.038485948
2021-01-21,0.0,38,0,0.022326821,0.2168279
2021-01-22,0.0,38,0,0.06406447,0.25430378
2021-01-23,0.0,38,0,0.0,0.21818888
2021-01-24,0.0,38,0,0.003914473,0.090421416
2021-01-25,2.0,38,0,1.4671004,0.15538526
2021-01-26,0.9,38,0,0.94872355,1.1497395
2021-01-27,0.0,38,0,0.054732054,0.5441699
2021-01-28,2.5,38,0,1.9802296,0.7698846
2021-01-29,0.0,38,0,0.009028928,0.54902875
2021-01-30,0.4,38,0,0.81224656,0.14575808
2021-01-31,0.4,38,0,1.4558094,1.3560855
2021-02-01,0.2,38,0,0.94365704,1.2171409
2021-02-02,0.0,38,0,0.050507307,0.9257268
2021-02-03,0.0,38,0,0.043408524,0.35962376
2021-02-04,0.0,38,0,0.03336058,0.34352055
2021-02-05,0.1,38,0,0.47950944,0.32943976
2021-02-06,0.0,38,0,0.012566248,0.5786408
2021-02-07,0.0,38,0,0.0016538107,0.2447917
2021-02-08,0.8,38,0,1.6607766,0.29176238
2021-02-09,43.8,38,0,7.2148123,1.4926202
2021-02-10,0.0,38,0,0.0,1.4981375
2021-02-11,0.0,38,0,0.038103655,0.27132788
2021-02-12,0.0,38,0,0.011968678,0.20168766
2021-02-13,0.0,38,0,0.009450224,0.28750437
2021-02-14,0.0,38,0,0.014418099,0.1520792
2021-02-15,0.0,38,0,0.021087827,0.22221227
2021-02-16,0.3,38,0,1.1089768,0.102077916
2021-02-17,0.5,38,0,2.4079568,1.4533415
2021-02-18,0.0,38,0,0.10370979,0.47662896
2021-02-19,0.0,38,0,0.0,0.17570719
2021-02-20,0.0,38,0,0.0,0.16708979
2021-02-21,0.0,38,0,0.019559551,0.11474796
2021-02-22,0.0,38,0,0.01716884,0.0
2021-02-23,0.1,38,0,0.37409043,0.26552016
2021-02-24,0.0,38,0,0.026582116,0.5014281
2021-02-25,0.0,38,0,0.17336313,0.1974549
2021-02-26,0.4,38,0,1.4837751,0.5209458
2021-02-27,2.1,38,0,2.2712965,1.5078452
2021-02-28,0.2,38,0,1.5145507,1.6077211
2021-03-01,2.3,38,0,1.5281022,1.2078793
2021-03-02,2.0,38,0,0.9995606,1.5959787
2021-03-03,0.1,38,0,1.0909665,0.23130286
2021-03-04,0.4,38,0,0.7468405,1.4939051
2021-03-05,0.3,38,0,1.0708888,1.5994895
2021-03-06,0.4,38,0,1.8436041,1.0899975
2021-03-07,1.7,38,0,2.171968,1.3064945
2021-03-08,0.5,38,0,1.5363657,2.001754
2021-03-09,1.6,38,0,1.8565652,0.63313687
2021-03-10,1.2,38,0,1.4892902,2.27217
2021-03-11,0.8,38,0,0.7979826,1.1680052
2021-03-12,0.7,38,0,0.64708984,0.46208584
2021-03-13,0.4,38,0,0.6203594,0.6346718
2021-03-14,0.0,38,0,0.042395826,0.9152955
2021-03-15,0.3,38,0,0.51658237,0.22952548
2021-03-16,0.2,38,0,0.914775,1.3292758
2021-03-17,0.0,38,0,0.13978393,0.93397367
2021-03-18,0.0,38,0,0.060742952,0.4580685
2021-03-19,0.2,38,0,0.6942289,0.3762318
2021-03-20,0.6,38,0,0.9439213,1.0947983
2021-03-21,3.4,38,0,4.2818103,0.9263047
2021-03-22,0.0,38,0,0.8159481,1.5736473
2021-03-23,0.0,38,0,0.0060757482,0.20633772
2021-03-24,0.0,38,0,0.09425185,0.13240561
2021-03-25,0.2,38,0,0.72967863,0.43553874
2021-03-26,0.1,38,0,1.0919418,0.89825356
2021-03-27,0.5,38,0,0.94020367,0.8886441
2021-03-28,0.8,38,0,1.3797479,0.7816831
2021-03-29,0.3,38,0,1.3391321,1.213464
2021-03-30,0.0,38,0,0.16351086,0.89387393
2021-03-31,0.0,38,0,0.15065427,0.567333
2021-04-01,0.1,38,0,1.238754,0.3894046
2021-04-02,0.5,38,0,3.1164737,1.2466669
2021-04-03,3.9,38,0,2.5773406,1.313299
2021-04-04,2.5,38,0,2.4403014,1.3130441
2021-04-05,16.3,38,0,5.511208,0.84270144
2021-04-06,2.9,38,0,5.112031,2.1643407
2021-04-07,7.3,38,0,2.0921686,2.3306816
2021-04-08,14.1,38,0,3.7275095,1.5892427
2021-04-09,17.2,38,0,8.691679,1.9886587
2021-04-10,1.6,38,0,6.4155374,2.003533
2021-04-11,1.2,38,0,2.194327,3.498982
2021-04-12,1.0,38,0,1.9035227,1.2546592
2021-04-13,2.1,38,0,1.7602203,1.0451531
2021-04-14,1.0,38,0,1.9520552,1.188396
2021-04-15,1.7,38,0,1.88306,0.97266877
2021-04-16,10.3,38,0,10.054049,1.0593657
2021-04-17,6.1,38,0,5.459147,1.7629862
2021-04-18,17.0,38,0,8.627094,1.3784442
2021-04-19,6.9,38,0,5.6348915,2.0635056
2021-04-20,7.1,38,0,6.275424,1.6400218
2021-04-21,4.9,38,0,6.6611867,2.216014
2021-04-22,1.8,38,0,6.016149,2.4237273
2021-04-23,1.9,38,0,2.8955998,2.0763283
2021-04-24,3.1,38,0,4.238537,1.9395564
2021-04-25,18.3,38,0,9.300043,1.8948812
2021-04-26,23.4,38,0,16.447655,2.5858405
2021-04-27,25.2,38,0,13.525908,3.8395286
2021-04-28,20.0,38,0,12.564683,3.6513367
2021-04-29,4.5,38,0,3.442277,4.9059873
2021-04-30,0.0,38,0,0.0,0.78703237
2021-05-01,7.6,38,0,3.1305666,0.5528755
2021-05-02,5.0,38,0,7.1073227,3.4396505
2021-05-03,6.4,38,0,7.6443577,2.9649699
2021-05-04,1.3,38,0,9.342916,3.142058
2021-05-05,18.9,38,0,12.397945,3.1090488
2021-05-06,58.0,38,0,15.504494,3.4529161
2021-05-07,1.9,38,0,8.685627,5.163367
2021-05-08,16.8,38,0,7.0786114,4.588774
2021-05-09,1.4,38,0,7.4282036,7.7298403
2021-05-10,4.2,38,0,5.8595505,4.2305164
2021-05-11,0.1,38,0,4.840542,8.250482
2021-05-12,1.0,38,0,3.8493605,3.164116
2021-05-13,7.9,38,0,6.5313096,3.8965278
2021-05-14,2.2,38,0,5.5198236,4.4886684
2021-05-15,2.2,38,0,7.7928762,2.7020748
2021-05-16,4.6,38,0,8.008585,5.9419723
2021-05-17,13.5,38,0,19.46375,4.398407
2021-05-18,0.9,38,0,7.7737045,5.4928036
2021-05-19,2.0,38,0,4.707812,3.8004065
2021-05-20,2.5,38,0,8.4574,6.502944
2021-05-21,6.4,38,0,9.318096,6.2930303
2021-05-22,1.7,38,0,10.513209,5.899282
2021-05-23,2.1,38,0,9.08508,6.63367
2021-05-24,11.0,38,0,11.196781,5.18593
2021-05-25,11.4,38,0,16.200668,4.4114976
2021-05-26,0.5,38,0,7.764288,5.459259
2021-05-27,4.4,38,0,5.243498,4.3637037
2021-05-28,0.1,38,0,2.7891502,4.384441
2021-05-29,0.3,38,0,2.4787242,2.8763812
2021-05-30,4.4,38,0,7.2261877,5.8158393
2021-05-31,6.5,38,0,3.4295392,5.5480323
2021-06-01,0.6,38,0,3.1250486,3.7598615
2021-06-02,2.8,38,0,12.031133,3.4521046
2021-06-03,2.2,38,0,7.3826046,5.9643903
2021-06-04,11.5,38,0,6.1428537,4.3914313
2021-06-05,1.4,38,0,6.1098776,1.7832918
2021-06-06,1.4,38,0,3.1896272,2.7982538
2021-06-07,51.4,38,0,12.8132925,4.004429
2021-06-08,19.6,38,0,12.451242,6.959285
2021-06-09,83.0,38,0,25.618925,4.9148183
2021-06-10,23.5,38,0,40.947216,13.225603
2021-06-11,45.2,38,0,22.013159,15.783407
2021-06-12,18.3,38,0,10.034819,10.427285
2021-06-13,28.2,38,0,19.275799,7.88221
2021-06-14,7.3,38,0,15.388285,14.050709
2021-06-15,0.3,38,0,4.9849677,6.339026
2021-06-16,0.0,38,0,0.19749084,3.301249
2021-06-17,0.0,38,0,0.059557695,0.9541191
2021-06-18,0.0,38,0,0.121751405,0.8181431
